Ticker,Date,Close,50_DMA,100_DMA,200_DMA,Dist_to_50_DMA_%,Dist_to_100_DMA_%,14_Day_ATR,Norm_ATR_%,RVol_20D,RS_Score_6M_%,Uptrend_Aligned,Actionable_Signal,Stop_Loss,Suggested_Shares
GABRIEL,2026-10-01,1315.0,1400.16,1290.43,1127.4,-6.08,1.9,62.81,4.78,0.56,44.53,True,100-DMA Pullback Support,1305.94,551
LODHA,2026-10-01,1105.6,1197.13,1089.03,1017.9,-7.65,1.52,35.82,3.24,1.19,43.59,True,100-DMA Pullback Support,1143.39,0
JINDALSAW,2026-10-01,270.3,283.59,266.82,228.72,-4.69,1.3,11.17,4.13,1.35,37.5,True,100-DMA Pullback Support,266.84,1445
FIVESTAR,2026-10-01,506.25,534.52,511.77,485.27,-5.29,-1.08,19.93,3.94,0.8,36.91,True,100-DMA Pullback Support,504.63,3086
NUVAMA,2026-10-01,1701.4,1742.01,1719.91,1523.19,-2.33,-1.08,52.49,3.09,3.03,35.22,True,100-DMA Pullback Support,1663.27,131
MINDACORP,2026-10-01,667.35,703.72,674.21,610.68,-5.17,-1.02,18.46,2.77,2.89,33.38,True,100-DMA Pullback Support,676.02,0
CONCORDBIO,2026-10-01,1374.1,1450.58,1348.62,1263.8,-5.27,1.89,57.79,4.21,0.91,32.81,True,100-DMA Pullback Support,1363.9,490
MEDANTA,2026-10-01,1357.3,1435.99,1354.35,1236.11,-5.48,0.22,48.71,3.59,1.37,32.58,True,100-DMA Pullback Support,1362.93,0
EXIDEIND,2026-10-01,409.45,441.0,417.38,375.58,-7.15,-1.9,11.63,2.84,1.15,32.1,True,100-DMA Pullback Support,423.55,0
GRANULES,2026-10-01,821.75,854.34,827.84,720.75,-3.82,-0.74,27.82,3.39,0.56,28.94,True,100-DMA Pullback Support,812.61,547
KPRMILL,2026-10-01,1071.0,1108.9,1089.32,991.64,-3.42,-1.68,35.57,3.32,0.56,28.79,True,100-DMA Pullback Support,1055.54,323
PNBHOUSING,2026-10-01,1092.0,1132.78,1086.02,988.4,-3.6,0.55,34.15,3.13,1.16,27.15,True,100-DMA Pullback Support,1081.56,478
IDFCFIRSTB,2026-10-01,80.39,84.94,80.31,77.41,-5.36,0.09,2.03,2.53,1.14,23.54,True,100-DMA Pullback Support,81.89,0
ANANTRAJ,2026-10-01,577.85,612.04,575.29,545.48,-5.59,0.45,17.45,3.02,0.82,20.43,True,100-DMA Pullback Support,585.87,0
TORNTPHARM,2026-10-01,4767.3,4933.84,4773.75,4441.26,-3.38,-0.14,104.94,2.2,1.05,19.69,True,100-DMA Pullback Support,4776.43,0
SIEMENS,2026-10-01,3804.0,3902.49,3761.75,3505.15,-2.52,1.12,91.51,2.41,1.01,19.63,True,100-DMA Pullback Support,3765.23,128
HAL,2026-10-01,4601.0,4818.18,4594.54,4397.82,-4.51,0.14,108.49,2.36,0.87,19.12,True,100-DMA Pullback Support,4655.44,0
ELGIEQUIP,2026-10-01,584.65,605.2,595.19,543.88,-3.4,-1.77,17.96,3.07,1.19,18.85,True,100-DMA Pullback Support,578.27,783
INDIGO,2026-10-01,4929.9,5108.0,4997.51,4825.86,-3.49,-1.35,106.84,2.17,1.07,16.62,True,100-DMA Pullback Support,4947.74,0
HYUNDAI,2026-10-01,2024.0,2155.68,2033.86,2042.56,-6.11,-0.48,63.2,3.12,2.76,16.0,True,100-DMA Pullback Support,2060.88,0
POLYMED,2026-10-01,1638.1,1723.75,1639.63,1565.02,-4.97,-0.09,44.27,2.7,0.87,15.09,True,100-DMA Pullback Support,1657.35,0
OBEROIRLTY,2026-10-01,1754.6,1824.52,1783.4,1683.06,-3.83,-1.62,52.07,2.97,0.65,13.85,True,100-DMA Pullback Support,1746.41,610
BAJAJHLDNG,2026-10-01,10666.0,11138.18,10734.81,10530.33,-4.24,-0.64,248.58,2.33,1.03,10.07,True,100-DMA Pullback Support,10765.32,0
TECHM,2026-10-01,1533.0,1590.0,1513.85,1491.62,-3.58,1.26,36.82,2.4,1.53,9.5,True,100-DMA Pullback Support,1534.77,0
BRIGADE,2026-10-01,569.55,612.57,565.19,567.81,-7.02,0.77,20.49,3.6,0.78,7.26,True,100-DMA Pullback Support,581.84,0
PNB,2026-10-01,109.57,115.25,110.14,112.31,-4.93,-0.52,2.44,2.23,0.89,2.59,True,100-DMA Pullback Support,111.58,0
SAGILITY,2026-10-01,43.17,44.27,42.48,43.88,-2.48,1.62,1.09,2.51,0.97,2.14,True,100-DMA Pullback Support,42.64,9433
HEROMOTOCO,2026-10-01,5168.0,5448.44,5155.78,5250.22,-5.15,0.24,116.5,2.25,1.84,0.31,True,100-DMA Pullback Support,5273.69,0
CANHLIFE,2026-10-01,143.85,150.96,145.96,145.11,-4.71,-1.44,5.49,3.82,0.53,-0.3,True,100-DMA Pullback Support,142.72,4424
LTFOODS,2026-10-01,399.15,422.99,404.13,399.55,-5.64,-1.23,11.85,2.97,1.83,-0.95,True,100-DMA Pullback Support,405.22,0
JMFINANCIL,2026-10-01,123.4,126.69,125.89,128.65,-2.6,-1.98,3.21,2.6,0.85,-1.66,True,100-DMA Pullback Support,121.88,3289
TMCV,2026-10-01,415.5,448.48,423.44,428.05,-7.35,-1.88,13.59,3.27,1.24,-2.06,True,100-DMA Pullback Support,428.1,0
MRPL,2026-10-01,164.76,170.85,163.44,166.88,-3.57,0.81,6.74,4.09,1.11,-7.08,True,100-DMA Pullback Support,160.74,1243
JINDALSTEL,2026-10-01,1100.5,1124.59,1121.33,1137.02,-2.14,-1.86,27.73,2.52,1.2,-7.98,True,100-DMA Pullback Support,1083.0,285
HCLTECH,2026-10-01,1243.1,1298.54,1221.7,1322.39,-4.27,1.75,33.81,2.72,1.35,-11.27,True,100-DMA Pullback Support,1247.82,0
KAYNES,2026-10-01,3399.0,3642.05,3432.54,3644.66,-6.67,-0.98,140.97,4.15,0.93,-11.96,True,100-DMA Pullback Support,3430.6,0
CAPLIPOINT,2026-10-01,2631.9,2633.53,2488.43,2118.49,-0.06,5.77,116.49,4.43,0.78,65.13,True,50-DMA Pullback Support,2458.78,28
BHEL,2026-10-01,421.0,419.84,410.5,347.92,0.28,2.56,12.06,2.87,2.0,60.1,True,50-DMA Pullback Support,401.74,259
TBOTEK,2026-10-01,1671.5,1650.54,1504.12,1430.3,1.27,11.13,54.14,3.24,1.86,55.52,True,50-DMA Pullback Support,1569.33,48
CLEANMAX,2026-10-01,1299.8,1320.39,1294.53,N/A,-1.56,0.41,81.79,6.29,0.37,54.98,True,50-DMA Pullback Support,1197.7,48
AEGISVOPAK,2026-10-01,290.75,286.85,260.56,235.47,1.36,11.59,14.45,4.97,0.95,53.83,True,50-DMA Pullback Support,265.18,195
SONACOMS,2026-10-01,805.0,796.0,711.84,614.61,1.13,13.09,24.32,3.02,1.58,52.41,True,50-DMA Pullback Support,759.52,109
SHRIPISTON,2026-10-01,4490.5,4481.09,4131.61,3637.37,0.21,8.69,179.72,4.0,2.23,52.19,True,50-DMA Pullback Support,4211.5,17
COHANCE,2026-10-01,451.3,445.87,440.59,415.11,1.22,2.43,17.98,3.98,0.55,46.95,True,50-DMA Pullback Support,418.9,154
COFORGE,2026-10-01,1826.0,1817.17,1631.27,1514.06,0.49,11.94,58.11,3.18,1.42,45.2,True,50-DMA Pullback Support,1730.01,52
SOLARINDS,2026-10-01,19400.0,19756.04,18947.73,16327.92,-1.8,2.39,900.29,4.64,0.79,43.22,True,50-DMA Pullback Support,18405.61,5
CHENNPETRO,2026-10-01,1346.4,1369.86,1226.26,1060.22,-1.71,9.8,67.11,4.98,0.95,43.09,True,50-DMA Pullback Support,1269.19,64
CGCL,2026-10-01,249.23,247.18,232.47,204.58,0.83,7.21,8.77,3.52,0.84,40.38,True,50-DMA Pullback Support,234.03,328
BOSCHLTD,2026-10-01,45480.0,46176.85,42516.97,38853.48,-1.51,6.97,1288.93,2.83,1.93,37.95,True,50-DMA Pullback Support,44243.46,4
BALRAMCHIN,2026-10-01,649.05,662.17,608.0,538.84,-1.98,6.75,22.71,3.5,0.53,36.24,True,50-DMA Pullback Support,628.11,238
NAVINFLUOR,2026-10-01,8136.5,8262.1,7820.79,7031.54,-1.52,4.04,217.86,2.68,0.81,35.53,True,50-DMA Pullback Support,7935.31,24
AJANTPHARM,2026-10-01,3581.0,3530.12,3352.13,3089.38,1.44,6.83,79.5,2.22,0.84,34.54,True,50-DMA Pullback Support,3410.87,29
RKFORGE,2026-10-01,695.45,709.1,638.91,588.29,-1.92,8.85,23.28,3.35,1.49,31.46,True,50-DMA Pullback Support,674.18,235
ZYDUSLIFE,2026-10-01,1145.7,1141.3,1119.44,1013.06,0.39,2.35,28.51,2.49,1.67,29.76,True,50-DMA Pullback Support,1098.52,105
PVRINOX,2026-10-01,1215.3,1207.67,1094.92,1050.82,0.63,10.99,46.59,3.83,0.45,28.39,True,50-DMA Pullback Support,1137.78,64
PARADEEP,2026-10-01,151.22,151.34,141.42,134.81,-0.08,6.93,4.33,2.86,0.77,27.08,True,50-DMA Pullback Support,144.84,783
AUROPHARMA,2026-10-01,1676.8,1646.92,1576.47,1421.49,1.81,6.36,36.13,2.15,1.41,26.67,True,50-DMA Pullback Support,1592.73,59
SHYAMMETL,2026-10-01,1047.8,1044.19,1006.37,918.4,0.35,4.12,32.76,3.13,0.93,26.66,True,50-DMA Pullback Support,995.04,94
URBANCO,2026-10-01,156.34,156.45,142.24,134.11,-0.07,9.91,7.2,4.61,0.72,26.65,True,50-DMA Pullback Support,145.65,467
ANANDRATHI,2026-10-01,2117.5,2154.13,2026.41,1809.99,-1.7,4.5,55.66,2.63,0.81,25.99,True,50-DMA Pullback Support,2070.64,106
BEML,2026-10-01,1962.3,1927.98,1853.03,1779.02,1.78,5.9,68.51,3.49,0.5,25.76,True,50-DMA Pullback Support,1825.22,36
EMCURE,2026-10-01,1944.6,1926.69,1850.24,1688.68,0.93,5.1,59.39,3.05,0.34,25.6,True,50-DMA Pullback Support,1837.6,46
KAJARIACER,2026-10-01,1225.1,1212.56,1176.73,1090.47,1.03,4.11,33.48,2.73,1.39,24.48,True,50-DMA Pullback Support,1162.34,79
BELRISE,2026-10-01,237.5,236.88,232.09,210.11,0.26,2.33,7.25,3.05,1.25,23.72,True,50-DMA Pullback Support,226.0,434
AIIL,2026-10-01,539.3,548.62,530.07,520.51,-1.7,1.74,18.48,3.43,0.47,23.31,True,50-DMA Pullback Support,520.9,271
IKS,2026-10-01,1776.4,1789.05,1759.85,1657.82,-0.71,0.94,63.33,3.56,0.66,22.87,True,50-DMA Pullback Support,1694.06,60
PHOENIXLTD,2026-10-01,1930.0,1920.78,1907.07,1820.23,0.48,1.2,49.76,2.58,1.46,22.15,True,50-DMA Pullback Support,1846.15,59
PCBL,2026-10-01,321.5,325.23,312.2,296.16,-1.15,2.98,11.27,3.5,0.5,21.98,True,50-DMA Pullback Support,308.32,379
GLAXO,2026-10-01,2771.1,2808.13,2565.91,2475.01,-1.32,8.0,77.09,2.78,0.96,21.84,True,50-DMA Pullback Support,2692.49,63
KPIL,2026-10-01,1356.4,1372.12,1344.02,1246.35,-1.15,0.92,39.52,2.91,0.84,21.83,True,50-DMA Pullback Support,1312.83,114
PRIVISCL,2026-10-01,3573.0,3521.41,3479.88,3217.77,1.47,2.68,105.18,2.94,1.25,21.44,True,50-DMA Pullback Support,3363.64,23
IDBI,2026-10-01,86.57,84.98,82.33,87.19,1.88,5.15,2.62,3.02,1.64,18.81,True,50-DMA Pullback Support,81.05,905
USHAMART,2026-10-01,491.7,501.72,494.77,461.11,-2.0,-0.62,16.85,3.43,0.42,18.08,True,50-DMA Pullback Support,476.45,327
DLF,2026-10-01,658.4,662.58,636.58,621.13,-0.63,3.43,16.84,2.56,1.57,17.51,True,50-DMA Pullback Support,637.32,237
INDHOTEL,2026-10-01,718.0,727.42,711.32,686.19,-1.3,0.94,16.36,2.28,1.32,14.47,True,50-DMA Pullback Support,702.88,330
GAIL,2026-10-01,171.22,173.46,171.38,164.96,-1.29,-0.09,2.71,1.58,1.11,13.15,True,50-DMA Pullback Support,169.39,2732
ASAHIINDIA,2026-10-01,944.25,936.71,906.72,904.49,0.81,4.14,25.84,2.74,1.04,11.85,True,50-DMA Pullback Support,897.96,108
CLEAN,2026-10-01,803.05,807.06,786.61,787.62,-0.5,2.09,24.62,3.07,1.02,11.38,True,50-DMA Pullback Support,770.14,151
BIRET,2026-09-30,336.03,339.48,330.38,327.99,-1.02,1.71,3.87,1.15,2.14,10.3,True,50-DMA Pullback Support,333.68,2127
GLENMARK,2026-10-01,2331.0,2356.99,2295.9,2206.3,-1.1,1.53,66.72,2.86,1.76,8.49,True,50-DMA Pullback Support,2256.91,67
ABBOTINDIA,2026-10-01,26840.0,26849.58,26508.14,26405.01,-0.04,1.25,677.14,2.52,0.8,8.16,True,50-DMA Pullback Support,25833.87,4
PETRONET,2026-10-01,285.5,285.37,280.17,279.62,0.04,1.9,5.68,1.99,1.07,7.93,True,50-DMA Pullback Support,276.85,578
RITES,2026-10-01,209.48,211.98,209.86,211.28,-1.18,-0.18,6.72,3.21,5.5,7.7,True,50-DMA Pullback Support,201.9,659
EMBASSY,2026-09-30,434.42,438.04,433.65,425.67,-0.83,0.18,4.58,1.05,2.44,5.24,True,50-DMA Pullback Support,431.16,1533
APLAPOLLO,2026-10-01,2115.7,2094.24,1955.72,1981.68,1.02,8.18,59.96,2.83,2.68,4.85,True,50-DMA Pullback Support,2004.31,44
JSL,2026-10-01,732.7,732.25,718.83,743.96,0.06,1.93,20.44,2.79,0.6,-1.2,True,50-DMA Pullback Support,701.59,160
PINELABS,2026-10-01,167.59,167.1,158.6,179.79,0.29,5.67,9.9,5.91,0.28,-3.09,True,50-DMA Pullback Support,152.25,325
PFOCUS,2026-10-01,301.55,302.08,272.56,272.8,-0.17,10.64,16.76,5.56,1.25,-9.41,True,50-DMA Pullback Support,276.94,203
CEMPRO,2026-10-01,1178.9,1278.32,1261.05,964.8,-7.78,-6.51,46.13,3.91,0.99,96.48,True,Below Trend Support,1209.13,0
BBOX,2026-10-01,795.85,766.34,862.38,703.51,3.85,-7.71,40.93,5.14,1.06,60.58,False,Below Trend Support,704.95,55
OFSS,2026-10-01,10420.0,11534.5,10954.12,9184.02,-9.66,-4.88,413.71,3.97,0.9,50.42,True,Below Trend Support,10913.93,0
HONASA,2026-10-01,427.9,466.55,443.42,371.21,-8.29,-3.5,17.43,4.07,1.04,43.4,True,Below Trend Support,440.41,0
HSCL,2026-10-01,665.15,704.78,682.19,584.78,-5.62,-2.5,16.6,2.5,0.66,43.14,True,Below Trend Support,679.88,0
ADANIENT,2026-10-01,2816.8,2993.2,2996.67,2579.52,-5.89,-6.0,82.24,2.92,1.41,39.02,False,Below Trend Support,2869.85,0
IDEA,2026-10-01,12.64,13.94,14.03,12.28,-9.33,-9.94,0.46,3.67,1.46,38.53,False,Below Trend Support,13.24,0
EMMVEE,2026-10-01,305.9,324.17,323.18,270.63,-5.64,-5.35,12.42,4.06,0.56,38.45,True,Below Trend Support,305.55,14285
ACUTAAS,2026-10-01,3196.5,3254.46,3259.19,2689.54,-1.78,-1.92,125.63,3.93,1.1,38.08,False,Below Trend Support,3066.02,38
NETWEB,2026-10-01,4520.3,4885.11,4650.03,4033.6,-7.47,-2.79,165.26,3.66,0.75,37.73,True,Below Trend Support,4637.21,0
CMPDI,2026-10-01,204.38,229.49,238.08,N/A,-10.94,-14.15,8.54,4.18,1.6,32.97,False,Below Trend Support,216.68,0
SCHNEIDER,2026-10-01,1275.4,1256.91,1284.09,1083.57,1.47,-0.68,38.78,3.04,5.43,32.11,False,Below Trend Support,1198.74,65
DATAPATTNS,2026-10-01,4251.3,4531.75,4414.5,3759.28,-6.19,-3.7,162.68,3.83,0.51,31.0,True,Below Trend Support,4287.73,0
TATATECH,2026-10-01,698.8,778.91,749.42,672.14,-10.28,-6.75,23.16,3.31,0.76,27.53,True,Below Trend Support,744.17,0
DEEPAKFERT,2026-10-01,1300.9,1434.06,1466.75,1288.0,-9.29,-11.31,47.64,3.66,1.07,25.96,False,Below Trend Support,1362.6,0
ADANIGREEN,2026-10-01,1276.1,1316.82,1400.99,1203.92,-3.09,-8.91,34.94,2.74,4.54,25.07,False,Below Trend Support,1264.41,427
ADANIENSOL,2026-10-01,1326.4,1498.98,1518.69,1292.07,-11.51,-12.66,40.56,3.06,4.29,24.72,False,Below Trend Support,1438.14,0
NIACL,2026-10-01,160.21,184.44,177.3,162.63,-13.14,-9.64,8.43,5.26,0.16,24.58,True,Below Trend Support,171.8,0
ENRIN,2026-10-01,3334.0,3286.86,3412.08,3088.69,1.43,-2.29,116.18,3.48,3.85,24.54,False,Below Trend Support,3112.59,22
OLAELEC,2026-10-01,37.08,38.49,39.82,36.03,-3.66,-6.89,2.01,5.42,0.57,23.63,False,Below Trend Support,35.47,3105
HONAUT,2026-10-01,33470.0,36116.5,36210.23,33722.33,-7.33,-7.57,1056.07,3.16,1.85,23.25,False,Below Trend Support,34532.39,0
PWL,2026-10-01,120.17,125.77,123.39,115.93,-4.45,-2.61,5.1,4.25,0.49,22.46,True,Below Trend Support,118.12,2439
CGPOWER,2026-10-01,879.0,880.79,897.29,797.34,-0.2,-2.04,25.18,2.86,1.96,22.16,False,Below Trend Support,843.01,138
POWERINDIA,2026-10-01,31290.0,32440.62,33398.01,28673.73,-3.55,-6.31,967.5,3.09,1.36,21.9,False,Below Trend Support,30989.37,16
THANGAMAYL,2026-10-01,4861.0,5368.9,5381.48,4516.35,-9.46,-9.67,201.04,4.14,0.86,21.87,False,Below Trend Support,5067.35,0
ADANIPORTS,2026-10-01,1737.8,1721.38,1766.27,1629.05,0.95,-1.61,45.59,2.62,1.11,21.22,False,Below Trend Support,1652.99,58
LLOYDSME,2026-10-01,1776.8,1891.56,1836.64,1595.1,-6.07,-3.26,53.52,3.01,2.74,20.99,True,Below Trend Support,1811.28,0
DIXON,2026-10-01,12700.0,13943.84,13118.93,12084.22,-8.92,-3.19,364.27,2.87,0.79,20.63,True,Below Trend Support,13397.44,0
IFCI,2026-10-01,65.14,79.66,76.97,66.91,-18.23,-15.37,3.67,5.64,0.4,18.8,True,Below Trend Support,74.15,0
PIRAMALFIN,2026-10-01,2023.3,2155.88,2102.86,1937.8,-6.15,-3.78,106.8,5.28,0.75,18.22,True,Below Trend Support,1995.68,181
NAM-INDIA,2026-10-01,1046.0,1169.06,1150.28,1028.95,-10.53,-9.07,32.22,3.08,0.83,18.21,True,Below Trend Support,1120.73,0
MAHABANK,2026-10-01,80.5,81.62,82.35,74.65,-1.38,-2.24,2.5,3.1,0.72,17.99,False,Below Trend Support,77.88,1908
KIRLOSBROS,2026-10-01,1767.6,1857.97,1828.25,1710.93,-4.86,-3.32,65.16,3.69,1.88,17.26,True,Below Trend Support,1760.23,678
ADANIPOWER,2026-10-01,196.21,206.75,216.04,188.85,-5.1,-9.18,6.04,3.08,1.95,17.02,False,Below Trend Support,197.69,0
GODREJIND,2026-10-01,1019.6,1189.36,1179.58,1073.98,-14.27,-13.56,35.16,3.45,1.2,16.78,True,Below Trend Support,1136.61,0
TATACOMM,2026-10-01,1683.0,1725.99,1811.85,1697.24,-2.49,-7.11,48.19,2.86,0.67,16.78,False,Below Trend Support,1653.71,170
MANAPPURAM,2026-10-01,308.9,342.0,331.68,309.59,-9.68,-6.87,9.56,3.09,1.68,16.25,True,Below Trend Support,327.66,0
STARHEALTH,2026-10-01,537.7,570.35,563.06,516.33,-5.72,-4.5,17.98,3.34,1.18,15.6,True,Below Trend Support,543.38,0
GVT&D,2026-10-01,4253.2,4310.72,4551.49,4081.14,-1.33,-6.55,130.15,3.06,1.02,15.59,False,Below Trend Support,4115.5,36
TRITURBINE,2026-10-01,530.0,579.7,619.51,561.76,-8.57,-14.45,15.88,3.0,1.0,15.57,False,Below Trend Support,555.87,0
TITAGARH,2026-10-01,805.1,836.21,841.7,797.3,-3.72,-4.35,24.58,3.05,0.55,14.88,False,Below Trend Support,799.34,868
J&KBANK,2026-10-01,139.98,151.1,154.58,134.29,-7.36,-9.44,3.79,2.71,2.19,14.58,False,Below Trend Support,145.41,0
HOMEFIRST,2026-10-01,1125.7,1182.58,1162.77,1129.71,-4.81,-3.19,43.24,3.84,0.68,14.17,True,Below Trend Support,1117.71,625
SCI,2026-10-01,267.05,285.67,293.0,270.47,-6.52,-8.86,7.42,2.78,1.14,13.93,False,Below Trend Support,274.54,0
PRESTIGE,2026-10-01,1486.1,1559.72,1534.57,1481.44,-4.72,-3.16,43.67,2.94,2.64,13.79,True,Below Trend Support,1494.21,0
FSL,2026-10-01,250.4,272.42,262.59,262.1,-8.08,-4.64,10.59,4.23,0.24,13.73,True,Below Trend Support,256.53,0
FEDERALBNK,2026-10-01,318.2,346.16,330.45,304.02,-8.08,-3.71,7.27,2.29,2.01,13.38,True,Below Trend Support,335.24,0
ONESOURCE,2026-10-01,1508.0,1572.99,1635.55,1580.32,-4.13,-7.8,52.7,3.49,1.45,13.38,False,Below Trend Support,1493.94,355
CHOICEIN,2026-10-01,719.4,782.48,754.65,743.4,-8.06,-4.67,24.1,3.35,1.08,12.86,True,Below Trend Support,746.33,0
CIPLA,2026-10-01,1344.0,1414.65,1412.73,1371.59,-4.99,-4.86,25.81,1.92,0.95,12.71,True,Below Trend Support,1375.94,0
MGL,2026-10-01,1045.4,1090.25,1094.59,1080.15,-4.11,-4.49,24.12,2.31,1.63,12.37,False,Below Trend Support,1054.07,0
ABCAPITAL,2026-10-01,375.05,400.8,388.72,364.98,-6.43,-3.52,9.64,2.57,1.91,11.97,True,Below Trend Support,386.34,0
KIMS,2026-10-01,736.25,784.23,785.72,722.05,-6.12,-6.3,23.63,3.21,1.7,11.97,False,Below Trend Support,748.78,0
ENDURANCE,2026-10-01,2601.4,2808.76,2725.92,2588.47,-7.38,-4.57,76.64,2.95,1.46,11.86,True,Below Trend Support,2693.79,0
AARTIIND,2026-10-01,465.1,501.06,487.49,453.94,-7.18,-4.59,14.85,3.19,0.97,11.65,True,Below Trend Support,478.79,0
M&MFIN,2026-10-01,319.75,371.0,338.95,338.37,-13.81,-5.67,9.35,2.92,1.74,11.33,True,Below Trend Support,356.98,0
APOLLOHOSP,2026-10-01,8133.5,8799.2,8657.05,8037.06,-7.57,-6.05,193.39,2.38,2.15,11.15,True,Below Trend Support,8509.11,0
YESBANK,2026-10-01,20.75,22.6,23.04,21.87,-8.19,-9.95,0.61,2.95,1.03,10.12,False,Below Trend Support,21.68,0
PIDILITIND,2026-10-01,1464.0,1609.8,1568.73,1492.19,-9.06,-6.68,33.31,2.28,1.43,9.96,True,Below Trend Support,1559.83,0
BAJAJ-AUTO,2026-10-01,10045.0,11578.22,10894.52,10158.91,-13.24,-7.8,236.07,2.35,5.86,9.89,True,Below Trend Support,11224.11,0
ZENTEC,2026-10-01,1576.1,1749.14,1755.4,1587.71,-9.89,-10.21,49.93,3.17,0.93,9.86,False,Below Trend Support,1674.24,0
NESTLEIND,2026-10-01,1307.7,1438.26,1427.07,1359.48,-9.08,-8.36,27.04,2.07,1.47,9.4,True,Below Trend Support,1397.7,0
DEEPAKNTR,2026-10-01,1492.8,1677.85,1670.27,1628.59,-11.03,-10.63,36.85,2.47,0.73,9.06,True,Below Trend Support,1622.57,0
APTUS,2026-10-01,226.4,253.91,263.46,256.67,-10.84,-14.07,7.82,3.45,0.89,8.98,False,Below Trend Support,242.18,0
GRASIM,2026-10-01,2962.0,3226.04,3168.1,2973.54,-8.18,-6.51,57.8,1.95,1.82,8.94,True,Below Trend Support,3139.34,0
BANDHANBNK,2026-10-01,176.0,173.06,187.32,175.47,1.7,-6.04,6.14,3.49,0.82,8.89,False,Below Trend Support,163.85,411
UNITDSPR,2026-10-01,1335.1,1471.63,1397.14,1364.68,-9.28,-4.44,29.21,2.19,1.12,8.87,True,Below Trend Support,1427.81,0
360ONE,2026-10-01,1040.0,1132.98,1117.65,1103.23,-8.21,-6.95,28.37,2.73,1.25,8.79,True,Below Trend Support,1090.42,0
HEXT,2026-10-01,490.45,539.3,530.95,543.58,-9.06,-7.63,14.56,2.97,1.55,8.78,True,Below Trend Support,517.47,0
SAIL,2026-10-01,174.5,176.74,177.6,167.04,-1.27,-1.75,5.75,3.3,1.68,8.66,False,Below Trend Support,168.12,783
ABB,2026-10-01,6900.0,7354.23,7142.71,6517.92,-6.18,-3.4,177.18,2.57,1.38,7.91,True,Below Trend Support,7088.46,0
ASIANPAINT,2026-10-01,2407.0,2589.94,2627.52,2546.91,-7.06,-8.39,39.9,1.66,1.9,7.51,False,Below Trend Support,2530.09,0
ASTERDM,2026-10-01,708.9,783.82,780.91,709.31,-9.56,-9.22,23.34,3.29,1.31,7.5,True,Below Trend Support,748.82,0
INDUSINDBK,2026-10-01,886.85,987.75,966.55,924.04,-10.22,-8.25,21.19,2.39,0.83,7.4,True,Below Trend Support,955.98,0
BIOCON,2026-10-01,370.7,406.21,414.18,394.96,-8.74,-10.5,8.78,2.37,0.78,7.24,False,Below Trend Support,393.04,0
NUVOCO,2026-10-01,322.1,334.08,329.08,327.25,-3.58,-2.12,11.75,3.65,2.91,6.78,True,Below Trend Support,316.46,886
POLYCAB,2026-10-01,7990.0,8771.03,9109.31,8391.14,-8.9,-12.29,141.82,1.77,1.04,6.76,False,Below Trend Support,8558.3,0
PAGEIND,2026-10-01,36660.0,37037.88,38197.51,36135.06,-1.02,-4.03,843.93,2.3,1.79,6.75,False,Below Trend Support,35771.98,5
BHARATFORG,2026-10-01,1875.0,2046.03,2039.43,1857.88,-8.36,-8.06,50.19,2.68,1.33,6.71,True,Below Trend Support,1970.75,0
TEJASNET,2026-10-01,464.8,526.0,538.75,473.11,-11.63,-13.73,17.28,3.72,0.6,6.6,False,Below Trend Support,500.08,0
SUNPHARMA,2026-10-01,1801.0,1904.01,1882.6,1804.01,-5.41,-4.33,29.47,1.64,1.52,6.45,True,Below Trend Support,1859.8,0
ELECON,2026-10-01,440.0,432.32,472.25,455.18,1.78,-6.83,19.44,4.42,0.43,6.3,False,Below Trend Support,403.16,135
MARICO,2026-10-01,781.35,835.83,831.47,796.58,-6.52,-6.03,16.26,2.08,1.16,6.15,True,Below Trend Support,811.44,0
ITCHOTELS,2026-10-01,158.51,161.89,163.67,167.57,-2.09,-3.15,4.17,2.63,1.39,6.14,False,Below Trend Support,155.63,1736
BERGEPAINT,2026-10-01,452.4,495.76,501.49,486.44,-8.75,-9.79,10.63,2.35,0.97,5.75,False,Below Trend Support,479.82,0
RAINBOW,2026-10-01,1279.8,1458.58,1431.54,1329.31,-12.26,-10.6,44.79,3.5,1.54,5.66,True,Below Trend Support,1391.39,0
POONAWALLA,2026-10-01,433.4,468.56,447.29,441.56,-7.5,-3.11,15.98,3.69,0.62,5.62,True,Below Trend Support,444.59,0
ABSLAMC,2026-10-01,991.7,1027.36,1049.07,966.12,-3.47,-5.47,43.5,4.39,1.47,5.53,False,Below Trend Support,962.11,168
ATGL,2026-10-01,583.05,631.49,671.76,615.26,-7.67,-13.21,21.03,3.61,0.3,5.47,False,Below Trend Support,599.95,0
AIAENG,2026-10-01,3824.4,4283.25,4401.25,4119.62,-10.71,-13.11,120.3,3.15,0.49,5.44,False,Below Trend Support,4102.8,0
BAJFINANCE,2026-10-01,948.3,1058.15,1009.13,972.56,-10.38,-6.03,25.09,2.65,0.95,5.41,True,Below Trend Support,1020.51,0
JSWSTEEL,2026-10-01,1233.0,1285.63,1272.54,1234.09,-4.09,-3.11,24.01,1.95,2.28,4.97,True,Below Trend Support,1249.62,0
ANGELONE,2026-10-01,276.8,293.64,314.25,286.65,-5.73,-11.92,7.18,2.59,1.33,4.89,False,Below Trend Support,282.86,0
ZYDUSWELL,2026-10-01,493.25,531.93,532.27,487.63,-7.27,-7.33,17.14,3.48,0.26,3.69,False,Below Trend Support,506.21,0
THERMAX,2026-10-01,3360.6,3854.87,4277.09,3791.8,-12.82,-21.43,100.04,2.98,1.76,3.65,False,Below Trend Support,3704.81,0
AFFLE,2026-10-01,1449.6,1610.74,1541.59,1537.31,-10.0,-5.97,43.87,3.03,0.58,3.59,True,Below Trend Support,1544.93,0
SRF,2026-10-01,2486.2,2567.78,2649.29,2683.64,-3.18,-6.16,50.44,2.03,1.61,3.43,False,Below Trend Support,2492.12,0
CUMMINSIND,2026-10-01,4860.0,5194.18,5380.48,4984.52,-6.43,-9.67,109.5,2.25,1.02,3.3,False,Below Trend Support,5029.93,0
AUBANK,2026-10-01,987.0,1058.8,1034.95,1005.49,-6.78,-4.63,24.96,2.53,1.91,3.22,True,Below Trend Support,1021.36,0
UNOMINDA,2026-10-01,1111.0,1227.45,1168.73,1163.14,-9.49,-4.94,39.06,3.52,1.53,3.2,True,Below Trend Support,1168.85,0
JUBLFOOD,2026-10-01,443.4,478.86,453.63,475.63,-7.4,-2.26,13.3,3.0,1.51,3.18,True,Below Trend Support,458.91,0
NSLNISP,2026-10-01,40.95,43.14,44.19,42.42,-5.09,-7.33,1.38,3.38,1.59,3.13,False,Below Trend Support,41.07,0
SUMICHEM,2026-10-01,417.6,501.74,489.38,456.31,-16.77,-14.67,13.79,3.3,2.86,3.13,True,Below Trend Support,481.05,0
DRREDDY,2026-10-01,1206.2,1176.24,1230.62,1241.78,2.55,-1.98,25.69,2.13,1.35,3.02,False,Below Trend Support,1137.71,73
CHOLAFIN,2026-10-01,1580.0,1817.59,1739.51,1681.51,-13.07,-9.17,46.81,2.96,1.11,2.83,True,Below Trend Support,1747.38,0
JUBLINGREA,2026-10-01,638.0,692.63,683.58,666.39,-7.89,-6.67,23.16,3.63,0.82,2.74,True,Below Trend Support,657.89,0
NH,2026-10-01,1741.4,1888.84,1913.23,1851.74,-7.81,-8.98,54.94,3.15,1.19,2.72,False,Below Trend Support,1806.44,0
LICI,2026-10-01,391.85,409.31,411.79,406.78,-4.27,-4.84,9.69,2.47,0.84,2.19,False,Below Trend Support,394.77,0
HINDZINC,2026-10-01,555.05,578.55,573.44,583.22,-4.06,-3.21,13.24,2.38,0.77,2.18,True,Below Trend Support,558.7,0
VBL,2026-10-01,425.3,428.38,467.97,464.61,-0.72,-9.12,8.81,2.07,1.49,2.15,False,Below Trend Support,415.17,493
OLECTRA,2026-10-01,1096.2,1273.78,1311.09,1208.4,-13.94,-16.39,41.82,3.81,1.66,2.13,False,Below Trend Support,1211.06,0
ICICIBANK,2026-10-01,1310.6,1398.77,1363.1,1344.47,-6.3,-3.85,20.01,1.53,1.45,2.09,True,Below Trend Support,1368.74,0
SCHAEFFLER,2026-10-01,3885.6,4029.59,4071.21,3994.46,-3.57,-4.56,103.62,2.67,0.87,1.98,False,Below Trend Support,3874.16,437
TITAN,2026-10-01,4515.7,4954.37,4637.25,4406.29,-8.85,-2.62,94.45,2.09,1.17,1.98,True,Below Trend Support,4812.7,0
BPCL,2026-10-01,300.6,313.33,308.51,321.93,-4.06,-2.56,6.42,2.14,1.39,1.97,True,Below Trend Support,303.7,0
CREDITACC,2026-10-01,1239.0,1448.95,1424.99,1349.22,-14.49,-13.05,38.47,3.11,2.04,1.43,True,Below Trend Support,1391.24,0
MAXHEALTH,2026-10-01,940.95,1032.26,1045.7,1031.42,-8.85,-10.02,27.44,2.92,2.01,1.29,False,Below Trend Support,991.1,0
ARE&M,2026-10-01,747.4,869.74,860.71,847.98,-14.07,-13.16,17.95,2.4,1.2,1.19,True,Below Trend Support,842.81,0
KEI,2026-10-01,4502.0,5100.19,5173.38,4841.81,-11.73,-12.98,100.74,2.24,0.54,1.02,False,Below Trend Support,4949.09,0
TATAINVEST,2026-10-01,615.05,657.72,663.22,660.39,-6.49,-7.26,31.08,5.05,0.12,0.98,False,Below Trend Support,611.1,1265
TARIL,2026-10-01,280.8,292.32,308.49,298.34,-3.94,-8.98,9.87,3.51,15.69,0.98,False,Below Trend Support,277.52,1524
PGEL,2026-10-01,481.1,569.8,549.21,552.89,-15.57,-12.4,14.26,2.96,1.23,0.92,True,Below Trend Support,548.41,0
ALKEM,2026-10-01,5220.0,5383.76,5418.79,5462.95,-3.04,-3.67,134.93,2.58,1.89,0.82,False,Below Trend Support,5181.37,129
HINDPETRO,2026-10-01,345.0,362.8,367.91,380.04,-4.91,-6.23,7.81,2.26,1.56,0.73,False,Below Trend Support,351.09,0
GROWW,2026-10-01,180.11,193.1,195.02,184.43,-6.73,-7.65,5.28,2.93,0.61,0.64,False,Below Trend Support,185.19,0
HINDALCO,2026-10-01,941.85,1004.77,1011.11,978.86,-6.26,-6.85,19.35,2.05,1.61,0.61,False,Below Trend Support,975.75,0
TRENT,2026-10-01,2580.0,2876.4,2908.74,2845.75,-10.3,-11.3,58.29,2.26,1.27,0.39,False,Below Trend Support,2788.97,0
ICICIAMC,2026-10-01,3084.4,3112.62,3186.61,N/A,-0.91,-3.21,86.79,2.81,1.36,0.26,False,Below Trend Support,2982.44,49
HDBFS,2026-10-01,618.2,676.61,687.68,689.6,-8.63,-10.1,14.99,2.42,1.06,0.19,False,Below Trend Support,654.13,0
AWL,2026-10-01,175.43,189.06,189.14,195.37,-7.21,-7.25,4.31,2.46,1.03,-0.34,False,Below Trend Support,182.6,0
AAVAS,2026-10-01,1190.9,1324.23,1372.74,1354.53,-10.07,-13.25,38.48,3.23,3.28,-0.39,False,Below Trend Support,1266.51,0
MPHASIS,2026-10-01,2250.2,2377.99,2307.67,2354.43,-5.37,-2.49,65.64,2.92,2.96,-0.58,True,Below Trend Support,2279.53,0
BALKRISIND,2026-10-01,2083.5,2284.21,2221.96,2271.94,-8.79,-6.23,50.21,2.41,1.47,-0.59,True,Below Trend Support,2208.89,0
BAJAJHFL,2026-10-01,82.91,84.37,85.12,86.69,-1.73,-2.59,1.56,1.88,1.79,-0.73,False,Below Trend Support,82.02,5617
EICHERMOT,2026-10-01,6920.0,7746.21,7502.05,7354.8,-10.67,-7.76,114.68,1.66,2.23,-0.81,True,Below Trend Support,7574.19,0
LICHSGFIN,2026-10-01,509.0,529.04,532.63,525.15,-3.79,-4.44,17.27,3.39,1.67,-0.82,False,Below Trend Support,503.13,851
TATACAP,2026-10-01,319.3,358.62,346.66,340.33,-10.96,-7.89,10.06,3.15,1.66,-0.88,True,Below Trend Support,343.53,0
LTTS,2026-10-01,3267.8,3455.22,3402.33,3535.25,-5.42,-3.95,90.44,2.77,1.42,-1.0,True,Below Trend Support,3319.56,0
CDSL,2026-10-01,1242.5,1349.97,1317.1,1312.91,-7.96,-5.66,34.1,2.74,1.15,-1.47,True,Below Trend Support,1298.82,0
EIHOTEL,2026-10-01,297.85,303.33,309.85,318.67,-1.81,-3.87,8.68,2.91,0.4,-1.5,False,Below Trend Support,290.32,664
GMRAIRPORT,2026-10-01,93.16,100.03,102.79,99.88,-6.87,-9.37,2.54,2.73,1.41,-1.64,False,Below Trend Support,96.22,0
BAJAJFINSV,2026-10-01,1732.6,1942.13,1866.61,1881.5,-10.79,-7.18,36.47,2.11,3.03,-1.7,True,Below Trend Support,1887.42,0
LTF,2026-10-01,264.35,307.83,300.19,291.55,-14.12,-11.94,9.93,3.76,1.2,-1.91,True,Below Trend Support,292.93,0
OIL,2026-10-01,444.0,470.53,459.68,459.3,-5.64,-3.41,10.35,2.33,1.05,-1.92,True,Below Trend Support,455.01,0
JSWENERGY,2026-10-01,485.0,536.27,549.58,524.29,-9.56,-11.75,11.67,2.41,1.12,-1.93,False,Below Trend Support,518.77,0
CAMS,2026-10-01,677.25,746.39,759.14,735.02,-9.26,-10.79,16.04,2.37,1.42,-1.98,False,Below Trend Support,722.32,0
VTL,2026-10-01,529.25,582.06,602.14,554.08,-9.07,-12.11,19.29,3.64,0.72,-2.06,False,Below Trend Support,553.12,0
BSE,2026-10-01,3046.0,3358.46,3646.33,3320.36,-9.3,-16.46,98.99,3.25,1.17,-2.33,False,Below Trend Support,3209.97,0
NAVA,2026-10-01,552.5,560.07,577.95,582.05,-1.35,-4.4,14.8,2.68,1.36,-2.73,False,Below Trend Support,537.88,341
COALINDIA,2026-10-01,420.4,411.67,423.78,423.64,2.12,-0.8,7.31,1.74,1.01,-2.84,False,Below Trend Support,400.7,253
MMTC,2026-10-01,56.29,62.03,64.32,63.38,-9.25,-12.49,1.65,2.94,0.69,-2.95,False,Below Trend Support,59.55,0
UTIAMC,2026-10-01,883.7,898.84,907.06,944.7,-1.68,-2.57,20.43,2.31,0.69,-3.57,False,Below Trend Support,868.19,322
TATACHEM,2026-10-01,607.8,655.4,688.36,698.0,-7.26,-11.7,45.26,7.45,0.32,-3.62,False,Below Trend Support,587.51,246
AADHARHFC,2026-10-01,448.4,475.86,486.36,481.57,-5.77,-7.8,13.04,2.91,1.72,-3.72,False,Below Trend Support,456.3,0
KSB,2026-10-01,806.45,812.25,843.23,816.6,-0.71,-4.36,31.15,3.86,0.95,-3.77,False,Below Trend Support,765.52,122
BHARTIARTL,2026-10-01,1741.1,1883.5,1867.91,1888.9,-7.56,-6.79,28.63,1.64,1.02,-4.16,True,Below Trend Support,1840.56,0
LEMONTREE,2026-10-01,107.67,107.75,110.77,118.25,-0.07,-2.8,2.57,2.39,8.74,-4.31,False,Below Trend Support,103.89,1322
SIGNATURE,2026-10-01,737.45,786.43,793.71,858.23,-6.23,-7.09,32.9,4.46,0.66,-4.36,False,Below Trend Support,737.08,13513
CCL,2026-10-01,1056.6,1102.03,1121.53,1073.69,-4.12,-5.79,28.43,2.69,2.72,-4.53,False,Below Trend Support,1059.39,0
GRAVITA,2026-10-01,1412.6,1687.07,1690.28,1653.62,-16.27,-16.43,42.1,2.98,1.43,-4.56,False,Below Trend Support,1623.92,0
BHARATCOAL,2026-10-01,31.75,33.54,36.02,N/A,-5.32,-11.85,0.81,2.56,1.11,-4.6,False,Below Trend Support,32.32,0
SOBHA,2026-10-01,1213.1,1279.88,1340.89,1371.25,-5.22,-9.53,33.16,2.73,1.15,-4.62,False,Below Trend Support,1230.15,0
GODREJPROP,2026-10-01,1595.8,1923.7,1886.33,1825.9,-17.05,-15.4,41.99,2.63,0.78,-4.66,True,Below Trend Support,1860.71,0
ULTRACEMCO,2026-10-01,10710.0,11419.54,11320.49,11522.92,-6.21,-5.39,193.93,1.81,1.99,-4.68,True,Below Trend Support,11128.65,0
SARDAEN,2026-10-01,494.75,507.63,512.65,519.7,-2.54,-3.49,14.14,2.86,0.33,-4.82,False,Below Trend Support,486.41,599
NLCINDIA,2026-10-01,253.2,275.45,299.08,284.37,-8.08,-15.34,6.6,2.61,1.06,-4.84,False,Below Trend Support,265.55,0
JBMA,2026-10-01,544.65,624.5,648.14,617.1,-12.79,-15.97,15.5,2.85,1.65,-4.87,False,Below Trend Support,601.25,0
NHPC,2026-10-01,71.75,76.52,77.12,77.33,-6.24,-6.96,1.26,1.76,1.16,-5.06,False,Below Trend Support,74.63,0
CONCOR,2026-10-01,442.0,500.2,486.38,489.71,-11.64,-9.12,12.74,2.88,0.77,-5.09,True,Below Trend Support,481.1,0
CEATLTD,2026-10-01,3286.6,3458.93,3431.27,3520.02,-4.98,-4.22,83.26,2.53,0.95,-5.12,True,Below Trend Support,3334.05,0
NTPCGREEN,2026-10-01,91.09,90.85,94.45,95.36,0.26,-3.56,2.58,2.83,0.76,-5.12,False,Below Trend Support,86.99,1219
IGIL,2026-10-01,311.95,333.94,343.65,334.96,-6.58,-9.22,9.49,3.04,0.46,-5.15,False,Below Trend Support,319.7,0
ANURAS,2026-10-01,1163.7,1215.57,1255.1,1273.59,-4.27,-7.28,37.34,3.21,0.38,-5.21,False,Below Trend Support,1159.56,1207
AMBER,2026-10-01,6500.0,7238.68,7429.81,7250.43,-10.2,-12.51,185.54,2.85,1.12,-5.26,False,Below Trend Support,6960.38,0
GODFRYPHLP,2026-10-01,1849.7,2067.97,2125.96,2142.89,-10.55,-12.99,49.07,2.65,1.53,-5.29,False,Below Trend Support,1994.36,0
FORTIS,2026-10-01,785.0,904.59,933.13,910.51,-13.22,-15.87,24.96,3.18,4.12,-5.37,False,Below Trend Support,867.15,0
ZEEL,2026-10-01,71.92,90.89,95.22,89.59,-20.87,-24.47,2.53,3.52,0.85,-5.4,False,Below Trend Support,87.09,0
IGL,2026-10-01,142.79,148.68,153.45,160.25,-3.96,-6.95,2.91,2.04,1.27,-5.47,False,Below Trend Support,144.31,0
COCHINSHIP,2026-10-01,1287.0,1441.49,1449.59,1486.22,-10.72,-11.22,41.18,3.2,0.64,-5.49,False,Below Trend Support,1379.72,0
APOLLOTYRE,2026-10-01,404.75,426.21,418.83,437.53,-5.03,-3.36,12.68,3.13,0.77,-5.52,True,Below Trend Support,407.18,0
TECHNOE,2026-10-01,998.6,988.06,1032.45,1064.2,1.07,-3.28,36.01,3.61,1.13,-5.58,False,Below Trend Support,934.05,77
ZFCVINDIA,2026-10-01,2241.0,2497.97,2472.5,2449.57,-10.29,-9.36,56.19,2.51,1.52,-5.58,True,Below Trend Support,2413.69,0
MRF,2026-10-01,123715.0,130143.1,129421.45,134220.22,-4.94,-4.41,1733.57,1.4,1.12,-5.72,True,Below Trend Support,127542.74,0
LT,2026-10-01,3693.4,3955.72,3974.67,3948.43,-6.63,-7.08,66.94,1.81,1.45,-5.77,False,Below Trend Support,3855.31,0
UNIONBANK,2026-10-01,167.59,179.98,172.36,171.2,-6.89,-2.77,4.29,2.56,1.03,-5.93,True,Below Trend Support,173.55,0
HDFCAMC,2026-10-01,2308.1,2492.29,2561.51,2558.77,-7.39,-9.89,49.05,2.13,1.83,-5.99,False,Below Trend Support,2418.72,0
SHRIRAMFIN,2026-10-01,945.0,1057.98,1021.01,1004.89,-10.68,-7.44,23.95,2.53,1.43,-5.99,True,Below Trend Support,1022.05,0
IOC,2026-10-01,131.34,137.39,138.34,146.51,-4.4,-5.06,2.54,1.93,1.6,-6.43,False,Below Trend Support,133.59,0
ATUL,2026-10-01,5861.0,6449.24,6494.51,6416.62,-9.12,-9.75,122.89,2.1,0.83,-6.66,False,Below Trend Support,6264.9,0
COLPAL,2026-10-01,1735.0,1915.53,1982.09,2021.32,-9.42,-12.47,44.86,2.59,0.98,-6.81,False,Below Trend Support,1848.25,0
DALBHARAT,2026-10-01,1682.1,1787.16,1764.44,1882.07,-5.88,-4.67,47.6,2.83,0.86,-6.96,True,Below Trend Support,1715.76,0
KFINTECH,2026-10-01,832.0,924.93,888.96,927.09,-10.05,-6.41,24.0,2.88,1.62,-7.14,True,Below Trend Support,888.93,0
PREMIERENE,2026-10-01,878.05,986.15,1018.67,933.65,-10.96,-13.8,28.59,3.26,1.02,-7.3,False,Below Trend Support,943.26,0
SBIN,2026-10-01,954.1,1023.86,1015.61,1032.81,-6.81,-6.06,15.79,1.66,0.92,-7.36,True,Below Trend Support,1000.17,0
AXISBANK,2026-10-01,1217.1,1241.19,1275.02,1284.5,-1.94,-4.54,25.49,2.09,1.43,-7.49,False,Below Trend Support,1202.95,353
BANKINDIA,2026-10-01,129.48,140.35,141.21,144.47,-7.75,-8.31,2.88,2.22,0.91,-7.59,False,Below Trend Support,136.04,0
IREDA,2026-10-01,111.0,114.86,119.73,123.46,-3.36,-7.29,3.19,2.87,1.14,-7.62,False,Below Trend Support,110.08,5434
BATAINDIA,2026-10-01,613.0,669.79,663.84,713.02,-8.48,-7.66,13.19,2.15,0.83,-7.65,True,Below Trend Support,650.01,0
BHARTIHEXA,2026-10-01,1379.2,1543.98,1526.27,1561.87,-10.67,-9.64,37.39,2.71,1.32,-8.06,True,Below Trend Support,1487.9,0
SYNGENE,2026-10-01,361.3,394.11,416.55,451.77,-8.32,-13.26,10.0,2.77,0.87,-8.07,False,Below Trend Support,379.11,0
RAILTEL,2026-10-01,257.2,274.85,292.67,306.11,-6.42,-12.12,9.36,3.64,1.04,-8.08,False,Below Trend Support,260.81,0
BLUESTARCO,2026-10-01,1459.6,1538.77,1585.09,1690.56,-5.15,-7.92,46.78,3.2,1.39,-8.29,False,Below Trend Support,1468.61,0
ITI,2026-10-01,241.54,269.57,282.32,284.52,-10.4,-14.44,7.19,2.98,0.82,-8.32,False,Below Trend Support,258.78,0
GILLETTE,2026-10-01,6899.0,7395.58,7559.1,7767.99,-6.71,-8.73,134.5,1.95,1.01,-8.36,False,Below Trend Support,7193.83,0
DOMS,2026-10-01,2097.5,2189.13,2218.81,2298.01,-4.19,-5.47,46.83,2.23,0.56,-8.5,False,Below Trend Support,2118.88,0
TATACONSUM,2026-10-01,957.0,1038.0,1083.71,1107.93,-7.8,-11.69,17.84,1.86,1.49,-8.54,False,Below Trend Support,1011.24,0
SBILIFE,2026-10-01,1721.6,1778.5,1793.87,1878.1,-3.2,-4.03,42.54,2.47,2.73,-8.62,False,Below Trend Support,1714.7,724
SUNDARMFIN,2026-10-01,4395.9,4581.78,4500.1,4757.49,-4.06,-2.32,123.36,2.81,0.87,-8.68,True,Below Trend Support,4396.73,0
TRIDENT,2026-10-01,22.16,24.06,24.56,24.85,-7.88,-9.79,0.45,2.02,1.09,-8.68,False,Below Trend Support,23.38,0
SHREECEM,2026-10-01,21900.0,24166.0,24766.77,25163.81,-9.38,-11.58,536.07,2.45,1.44,-8.73,False,Below Trend Support,23361.89,0
JPPOWER,2026-10-01,14.8,16.74,17.51,16.96,-11.59,-15.49,0.54,3.62,0.61,-8.84,False,Below Trend Support,15.93,0
M&M,2026-10-01,2860.0,3240.25,3158.89,3247.92,-11.74,-9.46,61.26,2.14,2.63,-8.84,True,Below Trend Support,3148.36,0
NMDC,2026-10-01,74.64,83.47,85.55,83.66,-10.58,-12.75,1.8,2.41,1.43,-8.84,False,Below Trend Support,80.77,0
TIMKEN,2026-10-01,3098.8,3188.69,3329.07,3289.1,-2.82,-6.92,103.86,3.35,1.09,-8.84,False,Below Trend Support,3032.91,75
INTELLECT,2026-10-01,610.95,685.76,708.95,740.04,-10.91,-13.82,20.72,3.39,0.92,-8.86,False,Below Trend Support,654.67,0
HUDCO,2026-10-01,161.54,183.27,193.33,194.21,-11.86,-16.44,5.04,3.12,1.87,-8.9,False,Below Trend Support,175.72,0
UCOBANK,2026-10-01,22.93,25.06,25.58,26.33,-8.51,-10.36,0.4,1.74,1.1,-8.92,False,Below Trend Support,24.46,0
FACT,2026-10-01,734.95,802.52,840.24,836.16,-8.42,-12.53,22.99,3.13,0.48,-9.0,False,Below Trend Support,768.04,0
SUPREMEIND,2026-10-01,3380.0,3496.65,3466.81,3558.13,-3.34,-2.5,95.99,2.84,1.13,-9.0,True,Below Trend Support,3352.68,183
HDFCBANK,2026-10-01,721.2,724.57,749.04,803.25,-0.46,-3.72,13.77,1.91,1.31,-9.03,False,Below Trend Support,703.91,289
NCC,2026-10-01,130.06,140.77,143.48,146.78,-7.61,-9.35,3.87,2.97,1.86,-9.07,False,Below Trend Support,134.97,0
LTM,2026-10-01,4007.0,4421.82,4182.13,4582.66,-9.38,-4.19,142.77,3.56,1.09,-9.09,True,Below Trend Support,4207.66,0
ICICIGI,2026-10-01,1563.0,1573.87,1671.36,1760.49,-0.69,-6.48,44.58,2.85,1.36,-9.24,False,Below Trend Support,1507.01,89
HDFCLIFE,2026-10-01,534.2,541.0,559.92,617.2,-1.26,-4.59,16.37,3.06,0.81,-9.26,False,Below Trend Support,516.45,281
FRACTAL,2026-10-01,727.35,796.06,861.59,N/A,-8.63,-15.58,19.91,2.74,0.95,-9.54,False,Below Trend Support,766.19,0
EMAMILTD,2026-10-01,372.65,389.19,397.74,432.07,-4.25,-6.31,12.41,3.33,0.84,-9.56,False,Below Trend Support,370.57,2403
JKCEMENT,2026-10-01,4952.0,5204.33,5260.15,5385.56,-4.85,-5.86,170.93,3.45,5.81,-9.56,False,Below Trend Support,4947.94,1231
TATAPOWER,2026-10-01,350.15,369.89,382.23,385.03,-5.34,-8.39,7.52,2.15,1.18,-9.66,False,Below Trend Support,358.61,0
LUPIN,2026-10-01,2031.2,2201.55,2269.75,2248.62,-7.74,-10.51,37.79,1.86,1.24,-9.68,False,Below Trend Support,2144.87,0
TATASTEEL,2026-10-01,178.0,186.05,191.05,192.13,-4.33,-6.83,4.46,2.5,1.81,-9.89,False,Below Trend Support,179.37,0
ASHOKLEY,2026-10-01,150.48,167.07,160.75,169.85,-9.93,-6.39,3.95,2.63,1.77,-10.13,True,Below Trend Support,161.14,0
DABUR,2026-10-01,374.25,396.12,412.83,443.5,-5.52,-9.34,7.12,1.9,1.04,-10.13,False,Below Trend Support,385.44,0
BEL,2026-10-01,383.1,400.67,406.99,417.41,-4.39,-5.87,7.38,1.93,1.06,-10.29,False,Below Trend Support,389.61,0
INDUSTOWER,2026-10-01,376.25,376.59,386.86,401.22,-0.09,-2.74,9.18,2.44,2.0,-10.33,False,Below Trend Support,362.82,372
JSWCEMENT,2026-10-01,111.6,124.4,128.0,124.21,-10.29,-12.81,2.5,2.24,1.25,-10.44,False,Below Trend Support,120.66,0
ASTRAL,2026-10-01,1344.0,1460.94,1464.33,1502.28,-8.0,-8.22,28.68,2.13,0.54,-10.62,False,Below Trend Support,1417.92,0
IOB,2026-10-01,30.38,33.02,33.48,34.07,-7.99,-9.25,0.59,1.93,1.13,-10.63,False,Below Trend Support,32.14,0
RAMCOCEM,2026-10-01,830.85,894.14,897.32,966.14,-7.08,-7.41,20.95,2.52,0.38,-10.67,False,Below Trend Support,862.71,0
ESCORTS,2026-10-01,2667.3,2970.71,2919.11,3135.23,-10.21,-8.63,67.0,2.51,4.31,-10.7,True,Below Trend Support,2870.21,0
HINDCOPPER,2026-10-01,462.15,515.33,514.49,526.48,-10.32,-10.17,13.86,3.0,0.9,-10.71,True,Below Trend Support,494.54,0
SUZLON,2026-10-01,38.91,45.68,50.43,49.19,-14.82,-22.84,1.16,2.99,1.02,-10.89,False,Below Trend Support,43.93,0
CANBK,2026-10-01,118.36,126.28,127.04,133.41,-6.27,-6.83,2.2,1.86,1.21,-11.02,False,Below Trend Support,122.99,0
NBCC,2026-10-01,77.4,87.34,93.99,95.23,-11.38,-17.65,2.07,2.68,1.3,-11.03,False,Below Trend Support,84.23,0
MSUMI,2026-10-01,33.53,37.94,38.37,40.09,-11.62,-12.62,0.9,2.68,1.43,-11.1,False,Below Trend Support,36.59,0
MFSL,2026-10-01,1392.0,1515.96,1564.64,1618.17,-8.18,-11.03,58.78,4.22,0.87,-11.14,False,Below Trend Support,1427.79,0
CESC,2026-10-01,131.62,150.28,157.94,157.19,-12.42,-16.66,2.84,2.16,0.93,-11.38,False,Below Trend Support,146.01,0
DMART,2026-10-01,3813.0,3863.13,3998.59,4003.96,-1.3,-4.64,71.02,1.86,1.44,-11.59,False,Below Trend Support,3756.59,88
ABREL,2026-10-01,1100.5,1337.56,1327.53,1357.24,-17.72,-17.1,44.24,4.02,2.37,-11.6,True,Below Trend Support,1271.2,0
LINDEINDIA,2026-10-01,6247.5,6526.92,6808.03,6731.34,-4.28,-8.23,152.61,2.44,1.77,-11.63,False,Below Trend Support,6298.01,0
TENNIND,2026-10-01,495.4,532.6,557.59,553.29,-6.99,-11.15,15.04,3.04,1.19,-11.71,False,Below Trend Support,510.05,0
CHAMBLFERT,2026-10-01,399.3,426.95,442.52,441.32,-6.48,-9.77,7.44,1.86,1.03,-11.83,False,Below Trend Support,415.79,0
RELIANCE,2026-10-01,1167.7,1279.77,1294.82,1356.22,-8.76,-9.82,18.78,1.61,1.41,-11.83,False,Below Trend Support,1251.6,0
DELHIVERY,2026-10-01,400.0,450.59,460.47,445.19,-11.23,-13.13,11.89,2.97,0.51,-11.88,False,Below Trend Support,432.76,0
ITC,2026-10-01,255.9,271.1,279.18,295.84,-5.61,-8.34,4.61,1.8,1.54,-11.95,False,Below Trend Support,264.19,0
BRITANNIA,2026-10-01,4778.0,5231.77,5211.77,5476.79,-8.67,-8.32,71.11,1.49,1.41,-12.04,True,Below Trend Support,5125.11,0
GICRE,2026-10-01,323.9,342.21,350.38,357.82,-5.35,-7.56,8.51,2.63,0.88,-12.1,False,Below Trend Support,329.44,0
SAMMAANCAP,2026-10-01,132.48,151.48,160.04,152.84,-12.54,-17.22,3.76,2.84,1.53,-12.11,False,Below Trend Support,145.84,0
POWERGRID,2026-10-01,254.55,269.51,278.41,282.82,-5.55,-8.57,4.95,1.95,1.15,-12.13,False,Below Trend Support,262.08,0
HINDUNILVR,2026-10-01,1836.0,2006.15,2079.32,2168.86,-8.48,-11.7,30.83,1.68,1.05,-12.42,False,Below Trend Support,1959.9,0
BANKBARODA,2026-10-01,230.82,240.35,250.92,264.58,-3.96,-8.01,4.11,1.78,1.36,-12.52,False,Below Trend Support,234.18,0
MAZDOCK,2026-10-01,2064.0,2396.28,2417.9,2428.43,-13.87,-14.64,60.35,2.92,1.07,-12.53,False,Below Trend Support,2305.76,0
JIOFIN,2026-10-01,212.5,239.31,238.22,247.93,-11.2,-10.8,4.34,2.04,2.34,-12.58,True,Below Trend Support,232.79,0
CENTRALBK,2026-10-01,30.0,30.95,31.46,33.69,-3.07,-4.65,0.62,2.07,0.69,-12.71,False,Below Trend Support,30.02,0
TORNTPOWER,2026-10-01,1242.9,1295.95,1362.89,1404.48,-4.09,-8.8,30.06,2.42,0.7,-12.76,False,Below Trend Support,1250.86,0
CANFINHOME,2026-10-01,711.0,795.19,826.48,850.32,-10.59,-13.97,17.95,2.52,1.56,-12.95,False,Below Trend Support,768.27,0
TIINDIA,2026-10-01,2340.0,2709.44,2876.25,2744.07,-13.64,-18.64,63.91,2.73,2.1,-13.01,False,Below Trend Support,2613.57,0
SWIGGY,2026-10-01,238.0,275.8,265.85,289.87,-13.71,-10.48,8.83,3.71,0.57,-13.15,True,Below Trend Support,262.56,0
TTML,2026-10-01,34.82,37.49,40.04,41.6,-7.12,-13.04,1.45,4.15,1.36,-13.33,False,Below Trend Support,35.32,0
GRSE,2026-10-01,2111.1,2496.59,2580.29,2537.38,-15.44,-18.18,64.28,3.04,1.73,-13.41,False,Below Trend Support,2400.18,0
VMM,2026-10-01,99.5,106.0,111.99,116.56,-6.13,-11.15,2.91,2.92,1.14,-13.52,False,Below Trend Support,101.64,0
RECLTD,2026-10-01,287.75,329.12,337.02,340.98,-12.57,-14.62,6.32,2.2,1.42,-13.54,False,Below Trend Support,319.64,0
NTPC,2026-10-01,315.1,332.92,346.1,354.58,-5.35,-8.96,5.04,1.6,1.4,-13.74,False,Below Trend Support,325.36,0
IRCTC,2026-10-01,454.1,482.44,498.18,543.44,-5.88,-8.85,9.72,2.14,2.26,-14.13,False,Below Trend Support,467.86,0
INDIANB,2026-10-01,793.15,856.83,841.35,852.14,-7.43,-5.73,16.3,2.06,0.75,-14.18,True,Below Trend Support,832.38,0
MARUTI,2026-10-01,11386.0,13108.75,13230.44,13802.5,-13.14,-13.94,221.93,1.95,2.33,-14.32,False,Below Trend Support,12775.86,0
NATIONALUM,2026-10-01,334.9,369.49,371.67,370.72,-9.36,-9.89,8.44,2.52,1.03,-14.54,False,Below Trend Support,356.83,0
ACC,2026-10-01,1182.8,1293.32,1324.7,1434.63,-8.55,-10.71,25.39,2.15,1.04,-14.55,False,Below Trend Support,1255.24,0
BDL,2026-10-01,1087.9,1250.73,1272.15,1315.65,-13.02,-14.48,34.27,3.15,0.87,-14.59,False,Below Trend Support,1199.33,0
TMPV,2026-10-01,279.4,316.83,338.4,342.9,-11.81,-17.44,8.93,3.2,1.44,-14.71,False,Below Trend Support,303.43,0
SBICARD,2026-10-01,563.2,641.17,627.37,685.25,-12.16,-10.23,17.51,3.11,0.67,-14.96,True,Below Trend Support,614.91,0
CHOLAHLDNG,2026-10-01,1369.6,1520.1,1553.22,1606.14,-9.9,-11.82,44.61,3.26,1.27,-14.97,False,Below Trend Support,1453.18,0
HAVELLS,2026-10-01,1040.0,1196.03,1189.45,1258.71,-13.05,-12.56,24.56,2.36,2.32,-15.01,True,Below Trend Support,1159.18,0
VOLTAS,2026-10-01,1053.2,1210.44,1253.61,1328.61,-12.99,-15.99,30.81,2.93,0.99,-15.33,False,Below Trend Support,1164.21,0
COROMANDEL,2026-10-01,1763.6,1980.18,1959.43,2052.64,-10.94,-9.99,54.61,3.1,1.53,-15.44,True,Below Trend Support,1898.27,0
CROMPTON,2026-10-01,202.7,238.33,253.43,251.89,-14.95,-20.02,4.79,2.37,1.84,-15.49,False,Below Trend Support,231.14,0
CIEINDIA,2026-10-01,376.35,396.37,427.73,433.9,-5.05,-12.01,11.24,2.99,1.06,-15.63,False,Below Trend Support,379.5,0
IEX,2026-10-01,105.98,120.51,121.94,124.04,-12.05,-13.09,2.21,2.08,0.86,-15.69,False,Below Trend Support,117.19,0
ICICIPRULI,2026-10-01,448.05,492.63,495.16,549.81,-9.05,-9.51,14.09,3.14,0.78,-15.85,False,Below Trend Support,471.49,0
GMDCLTD,2026-10-01,487.65,554.92,581.13,583.91,-12.12,-16.09,13.96,2.86,1.38,-16.23,False,Below Trend Support,533.99,0
TCS,2026-10-01,2075.0,2275.59,2224.87,2463.76,-8.82,-6.74,60.65,2.92,1.12,-16.23,True,Below Trend Support,2184.62,0
IRCON,2026-10-01,110.25,119.03,126.61,137.58,-7.37,-12.92,4.52,4.1,3.24,-16.24,False,Below Trend Support,112.24,0
SWANCORP,2026-10-01,272.8,298.41,307.71,345.55,-8.58,-11.35,9.03,3.31,0.19,-16.31,False,Below Trend Support,284.87,0
SJVN,2026-10-01,57.91,65.43,68.71,71.08,-11.5,-15.72,1.39,2.4,1.58,-16.34,False,Below Trend Support,63.35,0
EIDPARRY,2026-10-01,674.55,760.43,753.73,821.21,-11.29,-10.5,16.18,2.4,1.12,-16.72,True,Below Trend Support,736.16,0
JWL,2026-10-01,223.93,244.35,257.09,274.14,-8.36,-12.9,7.73,3.45,1.18,-16.73,False,Below Trend Support,232.76,0
IRB,2026-10-01,17.0,19.08,19.97,20.44,-10.89,-14.89,0.51,3.01,0.72,-17.29,False,Below Trend Support,18.31,0
UPL,2026-10-01,516.8,572.09,590.62,636.44,-9.66,-12.5,13.08,2.53,1.17,-17.37,False,Below Trend Support,552.46,0
AMBUJACEM,2026-10-01,362.25,407.1,418.41,453.15,-11.02,-13.42,8.8,2.43,2.78,-17.38,False,Below Trend Support,393.9,0
JKTYRE,2026-10-01,340.35,372.88,380.78,422.64,-8.72,-10.62,9.03,2.65,1.04,-17.53,False,Below Trend Support,359.33,0
ZENSARTECH,2026-10-01,434.35,469.76,469.59,530.73,-7.54,-7.51,16.37,3.77,0.52,-17.94,True,Below Trend Support,445.21,0
AFCONS,2026-10-01,242.39,271.87,290.99,308.99,-10.84,-16.7,14.12,5.83,0.15,-18.52,False,Below Trend Support,250.69,0
UBL,2026-10-01,1188.8,1319.02,1325.99,1428.44,-9.87,-10.35,37.47,3.15,0.9,-18.86,False,Below Trend Support,1262.82,0
INDIAMART,2026-10-01,1620.3,1721.13,1832.1,1958.53,-5.86,-11.56,40.26,2.48,0.53,-19.3,False,Below Trend Support,1660.74,0
INOXWIND,2026-10-01,68.75,74.78,81.13,91.17,-8.06,-15.26,2.39,3.48,0.96,-19.39,False,Below Trend Support,71.19,0
GALLANTT,2026-10-01,530.15,567.53,618.84,619.61,-6.59,-14.33,18.47,3.48,0.51,-19.57,False,Below Trend Support,539.82,0
WIPRO,2026-10-01,159.35,175.59,179.04,197.72,-9.25,-11.0,3.43,2.15,1.0,-19.63,False,Below Trend Support,170.45,0
GODREJCP,2026-10-01,840.0,934.55,982.93,1054.16,-10.12,-14.54,14.89,1.77,0.79,-19.91,False,Below Trend Support,912.21,0
INFY,2026-10-01,1035.0,1102.02,1102.86,1238.42,-6.08,-6.15,25.63,2.48,1.63,-20.32,False,Below Trend Support,1063.58,0
RPOWER,2026-10-01,19.41,22.27,24.16,26.18,-12.86,-19.66,0.6,3.11,1.41,-20.47,False,Below Trend Support,21.37,0
ONGC,2026-10-01,222.37,235.68,245.64,254.74,-5.65,-9.48,3.97,1.78,1.3,-20.65,False,Below Trend Support,229.73,0
INDIACEM,2026-10-01,295.15,363.06,375.71,396.29,-18.7,-21.44,11.42,3.87,1.25,-20.72,False,Below Trend Support,345.93,0
PIIND,2026-10-01,2236.0,2490.97,2612.74,2843.3,-10.24,-14.42,57.1,2.55,0.46,-20.87,False,Below Trend Support,2405.32,0
IRFC,2026-10-01,77.06,84.27,89.18,98.63,-8.56,-13.59,1.75,2.27,1.39,-20.96,False,Below Trend Support,81.65,0
PFC,2026-10-01,318.0,365.92,390.57,392.69,-13.09,-18.58,6.44,2.02,1.15,-21.18,False,Below Trend Support,356.26,0
MUTHOOTFIN,2026-10-01,2697.1,2907.45,3016.34,3289.26,-7.23,-10.58,56.6,2.1,0.93,-21.23,False,Below Trend Support,2822.55,0
PATANJALI,2026-10-01,355.15,356.12,385.68,441.54,-0.27,-7.91,14.87,4.19,0.78,-22.28,False,Below Trend Support,333.81,234
FORCEMOT,2026-10-01,16800.0,17693.58,18071.32,19543.87,-5.05,-7.03,387.07,2.3,1.81,-22.54,False,Below Trend Support,17112.97,0
GPIL,2026-10-01,215.67,239.91,254.1,260.95,-10.1,-15.13,6.26,2.9,1.47,-22.79,False,Below Trend Support,230.51,0
WAAREEENER,2026-10-01,2340.0,2605.74,2786.87,2881.65,-10.2,-16.03,58.67,2.51,1.42,-23.93,False,Below Trend Support,2517.73,0
NATCOPHARM,2026-10-01,821.3,865.78,917.3,940.59,-5.14,-10.47,20.0,2.44,1.55,-24.91,False,Below Trend Support,835.77,0
BSOFT,2026-10-01,269.75,294.82,299.16,343.33,-8.5,-9.83,7.18,2.66,1.03,-24.99,False,Below Trend Support,284.05,0
BLS,2026-10-01,216.51,241.76,247.98,264.11,-10.45,-12.69,6.36,2.94,1.12,-26.02,False,Below Trend Support,232.22,0
RVNL,2026-10-01,197.0,216.09,228.27,267.19,-8.83,-13.7,6.23,3.16,1.16,-26.99,False,Below Trend Support,206.75,0
TATAELXSI,2026-10-01,3092.8,3533.85,3742.32,4215.59,-12.48,-17.36,81.67,2.64,1.37,-27.87,False,Below Trend Support,3411.34,0
FIRSTCRY,2026-10-01,174.75,191.59,205.54,227.96,-8.79,-14.98,9.8,5.61,0.24,-27.92,False,Below Trend Support,176.88,0
KPITTECH,2026-10-01,492.0,576.11,627.86,752.23,-14.6,-21.64,15.75,3.2,1.25,-30.06,False,Below Trend Support,552.5,0
KEC,2026-10-01,372.35,425.69,462.06,533.23,-12.53,-19.41,11.24,3.02,0.59,-32.5,False,Below Trend Support,408.82,0
POLICYBZR,2026-10-01,980.0,1666.43,1648.5,1625.45,-41.19,-40.55,124.87,12.74,1.98,-33.47,True,Below Trend Support,1479.12,0
JAINREC,2026-10-01,282.5,298.21,330.87,376.85,-5.27,-14.62,11.1,3.93,0.42,-35.35,False,Below Trend Support,281.55,5263
AVANTIFEED,2026-10-01,711.55,832.9,942.83,1036.23,-14.57,-24.53,22.95,3.23,1.09,-43.27,False,Below Trend Support,798.46,0
HEGAM,2026-10-01,239.28,521.97,537.49,550.38,-54.16,-55.48,11.25,4.7,0.46,-56.26,False,Below Trend Support,505.09,0
VEDL,2026-10-01,252.05,268.93,284.07,458.31,-6.28,-11.27,6.5,2.58,1.47,-63.93,False,Below Trend Support,259.18,0
STLTECH,2026-10-01,955.35,718.04,636.15,408.43,33.05,50.18,44.34,4.64,2.86,377.6,True,Extended / No Pullback,651.53,16
CUPID,2026-10-01,312.5,270.3,219.49,155.92,15.61,42.38,15.36,4.92,1.11,241.4,True,Extended / No Pullback,247.25,76
HFCL,2026-10-01,238.36,220.67,206.55,143.12,8.02,15.4,9.82,4.12,3.43,218.53,True,Extended / No Pullback,205.93,154
WELCORP,2026-10-01,2605.8,2265.95,1856.93,1375.45,15.0,40.33,158.24,6.07,1.14,180.14,True,Extended / No Pullback,2028.59,8
AEGISLOG,2026-10-01,1401.1,1329.53,1173.2,926.64,5.38,19.43,67.99,4.85,1.14,131.95,True,Extended / No Pullback,1227.54,28
RUBICON,2026-10-01,1630.9,1693.29,1485.03,1130.51,-3.68,9.82,63.44,3.89,0.59,110.78,True,Extended / No Pullback,1598.13,152
SYRMA,2026-10-01,1717.9,1519.4,1394.15,1108.84,13.06,23.22,84.86,4.94,0.63,104.74,True,Extended / No Pullback,1392.1,15
CPPLUS,2026-10-01,3799.6,3609.83,3458.2,2600.54,5.26,9.87,164.96,4.34,0.47,101.23,True,Extended / No Pullback,3362.39,11
WELSPUNLIV,2026-10-01,239.17,191.1,172.56,149.87,25.16,38.6,8.47,3.54,4.27,95.29,True,Extended / No Pullback,178.4,82
SANSERA,2026-10-01,4276.6,3917.14,3458.92,2777.93,9.18,23.64,229.2,5.36,1.38,91.56,True,Extended / No Pullback,3573.35,7
MTARTECH,2026-10-01,7797.0,6897.94,7089.84,5429.22,13.03,9.97,338.96,4.35,2.1,89.45,False,Extended / No Pullback,6389.49,3
REDINGTON,2026-10-01,397.95,360.5,305.74,272.92,10.39,30.16,14.51,3.65,0.51,87.51,True,Extended / No Pullback,338.74,84
LAURUSLABS,2026-10-01,1984.0,1881.41,1663.67,1362.7,5.45,19.25,46.74,2.36,0.9,84.61,True,Extended / No Pullback,1811.31,28
ATHERENERG,2026-10-01,1406.1,1492.62,1276.61,1014.26,-5.8,10.14,57.14,4.06,1.13,83.58,True,Extended / No Pullback,1406.92,0
RRKABEL,2026-10-01,2518.2,2629.04,2420.6,1950.6,-4.22,4.03,73.87,2.93,0.8,81.49,True,Extended / No Pullback,2518.23,0
TDPOWERSYS,2026-10-01,792.15,708.81,659.73,544.25,11.76,20.07,39.67,5.01,2.06,80.41,True,Extended / No Pullback,649.3,35
INOXINDIA,2026-10-01,2168.3,2040.23,1903.34,1564.94,6.28,13.92,100.51,4.64,1.8,77.4,True,Extended / No Pullback,1889.47,17
AZAD,2026-10-01,2860.9,2685.28,2419.53,2056.48,6.54,18.24,135.24,4.73,1.46,76.05,True,Extended / No Pullback,2482.42,13
FINCABLES,2026-10-01,1458.8,1251.56,1157.05,1000.59,16.56,26.08,55.87,3.83,0.51,74.37,True,Extended / No Pullback,1167.75,17
APARINDS,2026-10-01,17648.0,16774.95,15465.4,12634.18,5.2,14.11,836.57,4.74,1.08,69.97,True,Extended / No Pullback,15520.09,2
GLAND,2026-10-01,2874.4,2810.05,2562.58,2148.15,2.29,12.17,79.29,2.76,0.53,68.69,True,Extended / No Pullback,2691.11,27
ABDL,2026-10-01,679.45,631.04,617.05,560.55,7.67,10.11,28.08,4.13,0.93,64.27,True,Extended / No Pullback,588.92,55
DIVISLAB,2026-10-01,9249.0,8848.01,7816.74,7037.39,4.53,18.32,186.29,2.01,1.18,59.89,True,Extended / No Pullback,8568.58,7
ACMESOLAR,2026-10-01,432.55,399.05,372.17,310.5,8.39,16.22,19.48,4.5,0.4,59.46,True,Extended / No Pullback,369.84,79
SAILIFE,2026-10-01,1541.2,1484.71,1344.02,1150.37,3.8,14.67,45.89,2.98,0.97,59.44,True,Extended / No Pullback,1415.88,39
WOCKPHARMA,2026-10-01,2083.9,2018.29,1946.71,1661.9,3.25,7.05,93.52,4.49,0.57,55.52,True,Extended / No Pullback,1878.01,24
RADICO,2026-10-01,4237.0,4485.79,4115.9,3534.46,-5.55,2.94,121.65,2.87,1.81,54.86,True,Extended / No Pullback,4303.32,0
KIRLOSENG,2026-10-01,2242.7,2160.09,2120.2,1750.46,3.82,5.78,114.84,5.12,1.02,54.5,True,Extended / No Pullback,1987.83,19
NEULANDLAB,2026-10-01,21505.0,22169.34,19939.6,16982.74,-3.0,7.85,679.64,3.16,1.5,54.42,True,Extended / No Pullback,21149.88,14
ENGINERSIN,2026-10-01,312.75,258.56,246.86,225.9,20.96,26.69,12.75,4.08,1.33,53.86,True,Extended / No Pullback,239.44,68
CRAFTSMAN,2026-10-01,10266.0,10681.71,9886.12,8708.97,-3.89,3.84,393.64,3.83,0.69,53.53,True,Extended / No Pullback,10091.25,28
CARTRADE,2026-10-01,2806.6,2926.05,2647.89,2381.51,-4.08,5.99,119.63,4.26,0.97,51.09,True,Extended / No Pullback,2746.6,83
PAYTM,2026-10-01,1656.0,1613.64,1389.55,1275.31,2.62,19.18,61.53,3.72,0.45,49.93,True,Extended / No Pullback,1521.35,37
VIJAYA,2026-10-01,1428.0,1459.95,1389.25,1199.96,-2.19,2.79,56.01,3.92,1.35,49.66,True,Extended / No Pullback,1375.94,96
AETHER,2026-10-01,1670.0,1621.49,1436.75,1236.53,2.99,16.23,58.06,3.48,1.27,48.3,True,Extended / No Pullback,1534.39,36
LALPATHLAB,2026-10-01,2005.1,1911.44,1775.16,1591.83,4.9,12.95,65.58,3.27,1.57,47.32,True,Extended / No Pullback,1813.07,26
CARBORUNIV,2026-10-01,1239.7,1124.91,1106.25,977.16,10.2,12.06,59.08,4.77,0.6,45.51,True,Extended / No Pullback,1036.29,24
MEESHO,2026-10-01,218.69,204.95,194.25,180.91,6.7,12.58,10.76,4.92,0.25,44.33,True,Extended / No Pullback,188.81,167
ACE,2026-10-01,1212.3,1139.18,1042.0,961.03,6.42,16.34,39.71,3.28,1.31,42.84,True,Extended / No Pullback,1079.61,37
JSWINFRA,2026-10-01,357.45,337.93,320.72,292.7,5.78,11.45,13.55,3.79,0.72,41.78,True,Extended / No Pullback,317.61,125
PTCIL,2026-10-01,22025.0,20899.18,19220.0,18238.26,5.39,14.59,710.36,3.23,0.62,40.48,True,Extended / No Pullback,19833.64,2
PPLPHARMA,2026-10-01,197.97,208.4,189.75,174.52,-5.0,4.33,6.59,3.33,0.87,38.83,True,Extended / No Pullback,198.51,0
LENSKART,2026-10-01,691.15,639.43,578.73,532.32,8.09,19.43,22.87,3.31,0.62,37.83,True,Extended / No Pullback,605.12,58
IPCALAB,2026-10-01,1943.2,1885.79,1773.74,1629.3,3.04,9.55,60.08,3.09,1.41,36.08,True,Extended / No Pullback,1795.67,33
MOTHERSON,2026-10-01,157.03,161.9,152.3,136.19,-3.01,3.11,4.34,2.76,2.02,34.32,True,Extended / No Pullback,155.4,3067
FLUOROCHEM,2026-10-01,4341.5,4582.88,4220.55,3804.01,-5.27,2.87,124.3,2.86,1.29,32.03,True,Extended / No Pullback,4396.43,0
MOTILALOFS,2026-10-01,989.9,965.24,938.91,858.89,2.55,5.43,27.44,2.77,1.94,31.83,True,Extended / No Pullback,924.08,75
IIFL,2026-10-01,583.8,619.74,566.28,539.41,-5.8,3.09,18.92,3.24,0.78,31.77,True,Extended / No Pullback,591.35,0
ETERNAL,2026-10-01,313.9,320.64,291.87,276.4,-2.1,7.55,8.33,2.65,1.56,29.98,True,Extended / No Pullback,308.14,868
CYIENT,2026-10-01,1104.6,985.85,931.44,959.87,12.05,18.59,42.56,3.85,1.27,29.69,True,Extended / No Pullback,922.0,27
NYKAA,2026-10-01,324.95,333.03,312.99,285.03,-2.43,3.82,9.02,2.78,2.09,29.03,True,Extended / No Pullback,319.5,917
RBLBANK,2026-10-01,411.4,394.18,375.89,343.52,4.37,9.45,11.17,2.72,1.49,28.89,True,Extended / No Pullback,377.42,147
JYOTICNC,2026-10-01,1032.1,949.26,831.94,827.53,8.73,24.06,46.17,4.47,0.56,28.59,True,Extended / No Pullback,880.0,32
MANKIND,2026-10-01,2535.0,2411.79,2437.21,2298.06,5.11,4.01,64.28,2.54,0.8,25.39,False,Extended / No Pullback,2315.37,22
ANTHEM,2026-10-01,855.75,881.36,824.67,750.82,-2.91,3.77,26.64,3.11,0.77,25.35,True,Extended / No Pullback,841.39,348
TEGA,2026-10-01,2093.4,1721.86,1706.24,1731.06,21.58,22.69,103.96,4.97,0.43,25.25,True,Extended / No Pullback,1565.92,9
MCX,2026-10-01,3204.0,3087.79,3003.14,2758.64,3.76,6.69,111.37,3.48,1.09,24.84,True,Extended / No Pullback,2920.74,17
GRAPHITE,2026-10-01,786.15,741.82,700.2,673.64,5.98,12.27,29.98,3.81,0.41,24.72,True,Extended / No Pullback,696.85,55
CUB,2026-10-01,230.04,222.27,211.91,206.5,3.49,8.55,8.45,3.68,1.88,22.48,True,Extended / No Pullback,209.59,244
LGEINDIA,2026-10-01,1721.8,1635.01,1592.07,1550.58,5.31,8.15,41.07,2.39,1.03,21.51,True,Extended / No Pullback,1573.4,33
DEVYANI,2026-10-01,127.07,135.15,124.29,122.84,-5.98,2.24,4.29,3.38,0.62,21.01,True,Extended / No Pullback,128.72,0
NAUKRI,2026-10-01,1200.0,1285.45,1157.94,1139.7,-6.65,3.63,39.82,3.32,1.65,20.82,True,Extended / No Pullback,1225.72,0
KALYANKJIL,2026-10-01,528.5,592.97,497.24,458.52,-10.87,6.29,15.72,2.97,1.39,20.24,True,Extended / No Pullback,569.39,0
CRISIL,2026-10-01,4428.6,4557.96,4303.98,4305.39,-2.84,2.9,135.84,3.07,0.62,19.1,True,Extended / No Pullback,4354.19,67
ECLERX,2026-10-01,1802.9,1884.49,1703.96,1770.36,-4.33,5.81,64.34,3.57,0.73,17.93,True,Extended / No Pullback,1787.98,335
KARURVYSYA,2026-10-01,325.3,336.28,315.1,300.87,-3.26,3.24,9.51,2.92,1.87,17.68,True,Extended / No Pullback,322.02,1524
CASTROLIND,2026-10-01,199.04,188.18,183.16,179.37,5.77,8.67,3.88,1.95,0.75,15.88,True,Extended / No Pullback,182.37,299
GESHIP,2026-10-01,1530.6,1379.86,1417.57,1352.94,10.92,7.97,39.76,2.6,0.6,13.23,False,Extended / No Pullback,1320.22,23
KOTAKBANK,2026-10-01,418.35,405.47,396.97,398.8,3.18,5.39,8.76,2.09,4.73,11.37,True,Extended / No Pullback,392.34,192
HBLENGINE,2026-10-01,779.35,716.05,748.51,757.67,8.84,4.12,30.04,3.85,0.48,9.78,False,Extended / No Pullback,670.98,46
TVSMOTOR,2026-10-01,4021.0,4226.11,3859.72,3757.45,-4.85,4.18,90.65,2.25,1.93,9.77,True,Extended / No Pullback,4090.14,0
RHIM,2026-10-01,384.85,381.63,384.08,399.97,0.85,0.2,12.19,3.17,0.39,4.38,False,Extended / No Pullback,363.34,232
WHIRLPOOL,2026-10-01,861.65,796.21,798.85,834.18,8.22,7.86,47.99,5.57,0.35,3.64,False,Extended / No Pullback,724.22,36
SUNTV,2026-10-01,599.9,484.62,494.36,533.9,23.79,21.35,29.11,4.85,1.93,2.04,False,Extended / No Pullback,440.95,31
PERSISTENT,2026-10-01,5367.0,5499.32,5219.07,5336.03,-2.41,2.83,142.96,2.66,1.27,1.35,True,Extended / No Pullback,5284.88,60
