Rank,Ticker,Entry_LTP,ATR_14,Stop_Price,SL_Dist_%,Shares_Qty,Trade_Value_Rs,Max_Rs_Risk,Cap_Applied
4,PAYTM,1656.0,59.9,1506.25,9.04,25,41400.0,3743.75,NO
10,AETHER,1670.0,60.29,1519.28,9.03,24,40080.0,3617.28,NO
13,SAILIFE,1541.2,50.0,1416.2,8.11,30,46236.0,3750.0,NO
14,SONACOMS,805.0,23.99,745.03,7.45,62,49910.0,3718.14,NO
16,URBANCO,156.34,7.18,138.39,11.48,208,32518.72,3733.6,NO
17,PVRINOX,1215.3,48.81,1093.28,10.04,30,36459.0,3660.6,NO
18,NEULANDLAB,21505.0,699.34,19756.65,8.13,2,43010.0,3496.7,NO
19,CHENNPETRO,1346.4,69.51,1172.62,12.91,21,28274.4,3649.38,NO
21,ETERNAL,313.9,8.13,293.57,6.48,184,57757.6,3740.72,NO
22,GLAXO,2771.1,83.44,2562.5,7.53,17,47108.7,3546.2,NO
