Rank,Ticker,Close,50_DMA,Dist_50DMA_%,Turnover_20D_Cr,Clenow_Score
1,WELCORP,2605.8,2265.95,15.0,540.76,872.86
2,CUPID,312.5,270.3,15.61,634.24,664.81
3,REDINGTON,397.95,360.5,10.39,213.97,438.78
4,PAYTM,1656.0,1613.64,2.62,745.79,415.11
5,JYOTICNC,1032.1,949.26,8.73,122.95,348.01
6,KALYANKJIL,528.5,592.97,-10.87,330.35,344.45
7,ATHERENERG,1406.1,1492.62,-5.8,578.66,335.93
8,SANSERA,4276.6,3917.14,9.18,142.87,255.04
9,LAURUSLABS,1984.0,1881.41,5.45,317.02,224.42
10,AETHER,1670.0,1621.49,2.99,49.62,213.72
11,WELSPUNLIV,239.17,191.1,25.16,116.39,211.95
12,LENSKART,691.15,639.43,8.09,562.07,179.82
13,SAILIFE,1541.2,1484.71,3.8,96.46,170.16
14,SONACOMS,805.0,796.0,1.13,178.21,169.44
15,AZAD,2860.9,2685.28,6.54,261.8,160.16
16,URBANCO,156.34,156.45,-0.07,85.84,153.72
17,PVRINOX,1215.3,1207.67,0.63,88.05,148.92
18,NEULANDLAB,21505.0,22169.34,-3.0,105.72,148.12
19,CHENNPETRO,1346.4,1369.86,-1.71,289.34,148.1
20,STLTECH,955.35,718.04,33.05,169.1,137.18
21,ETERNAL,313.9,320.64,-2.1,620.84,136.32
22,GLAXO,2771.1,2808.13,-1.32,21.95,133.97
23,ECLERX,1802.9,1884.49,-4.33,27.39,133.97
24,ACE,1212.3,1139.18,6.42,42.19,133.15
25,COFORGE,1826.0,1817.17,0.49,438.2,125.68
26,PPLPHARMA,197.97,208.4,-5.0,88.41,123.84
27,BALRAMCHIN,649.05,662.17,-1.98,108.71,118.03
28,RKFORGE,695.45,709.1,-1.92,40.9,117.76
29,AEGISVOPAK,290.75,286.85,1.36,55.49,115.63
30,SYRMA,1717.9,1519.4,13.06,494.89,111.85
31,FINCABLES,1458.8,1251.56,16.56,162.96,106.39
32,MEESHO,218.69,204.95,6.7,556.65,97.42
33,APLAPOLLO,2115.7,2094.24,1.02,131.71,93.57
34,CARTRADE,2806.6,2926.05,-4.08,97.47,93.05
35,LALPATHLAB,2005.1,1911.44,4.9,66.78,90.67
36,FLUOROCHEM,4341.5,4582.88,-5.27,55.33,89.61
37,DEVYANI,127.07,135.15,-5.98,22.59,87.51
38,BRIGADE,569.55,612.57,-7.02,25.46,86.86
39,ACMESOLAR,432.55,399.05,8.39,118.59,83.02
40,TVSMOTOR,4021.0,4226.11,-4.85,263.56,81.96
41,IIFL,583.8,619.74,-5.8,142.93,81.09
42,PARADEEP,151.22,151.34,-0.08,35.25,81.07
43,ANTHEM,855.75,881.36,-2.91,76.97,73.21
44,ANANDRATHI,2117.5,2154.13,-1.7,76.0,68.99
45,APARINDS,17648.0,16774.95,5.2,226.92,67.07
46,TDPOWERSYS,792.15,708.81,11.76,197.79,66.84
47,LODHA,1105.6,1197.13,-7.65,213.18,66.29
48,GRAPHITE,786.15,741.82,5.98,321.65,62.94
49,CGCL,249.23,247.18,0.83,89.59,62.58
50,CYIENT,1104.6,985.85,12.05,50.8,59.45
51,CONCORDBIO,1374.1,1450.58,-5.27,24.04,56.18
52,NYKAA,324.95,333.03,-2.43,125.57,54.75
53,JINDALSAW,270.3,283.59,-4.69,47.21,53.04
54,TITAN,4515.7,4954.37,-8.85,287.25,52.17
55,GABRIEL,1315.0,1400.16,-6.08,92.45,51.97
56,KARURVYSYA,325.3,336.28,-3.26,53.88,49.32
57,BEML,1962.3,1927.98,1.78,81.98,49.15
58,JSWINFRA,357.45,337.93,5.78,166.34,47.26
59,RBLBANK,411.4,394.18,4.37,149.59,46.71
60,ENGINERSIN,312.75,258.56,20.96,176.77,46.28
61,MOTHERSON,157.03,161.9,-3.01,184.14,43.03
62,CUB,230.04,222.27,3.49,57.99,42.98
63,PNBHOUSING,1092.0,1132.78,-3.6,105.89,41.21
64,MCX,3204.0,3087.79,3.76,606.04,40.01
65,HAL,4601.0,4818.18,-4.51,411.56,38.27
66,IDFCFIRSTB,80.39,84.94,-5.36,181.04,37.4
67,HFCL,238.36,220.67,8.02,153.58,35.87
68,ANANTRAJ,577.85,612.04,-5.59,114.12,35.83
69,GLENMARK,2331.0,2356.99,-1.1,132.52,34.37
70,POLYMED,1638.1,1723.75,-4.97,17.87,31.56
71,SHYAMMETL,1047.8,1044.19,0.35,55.59,30.61
72,PCBL,321.5,325.23,-1.15,58.55,30.06
73,EMCURE,1944.6,1926.69,0.93,40.9,29.74
74,DIXON,12700.0,13943.84,-8.92,438.51,29.25
75,CASTROLIND,199.04,188.18,5.77,73.97,27.86
76,RRKABEL,2518.2,2629.04,-4.22,115.71,27.78
77,ASAHIINDIA,944.25,936.71,0.81,13.63,26.33
78,DLF,658.4,662.58,-0.63,262.95,25.18
79,OFSS,10420.0,11534.5,-9.66,240.31,23.94
80,LGEINDIA,1721.8,1635.01,5.31,91.33,23.04
81,PERSISTENT,5367.0,5499.32,-2.41,216.48,22.5
82,MOTILALOFS,989.9,965.24,2.55,84.19,21.95
83,BAJAJHLDNG,10666.0,11138.18,-4.24,42.41,20.42
84,TORNTPHARM,4767.3,4933.84,-3.38,166.51,20.11
85,TECHM,1533.0,1590.0,-3.58,268.99,17.24
86,BHEL,421.0,419.84,0.28,267.59,14.65
87,PIRAMALFIN,2023.3,2155.88,-6.15,88.09,13.81
88,AIIL,539.3,548.62,-1.7,25.79,10.83
89,KOTAKBANK,418.35,405.47,3.18,669.87,10.81
90,FEDERALBNK,318.2,346.16,-8.08,185.79,10.17
91,EXIDEIND,409.45,441.0,-7.15,86.82,9.6
92,CLEAN,803.05,807.06,-0.5,25.88,9.44
93,ZYDUSLIFE,1145.7,1141.3,0.39,177.99,8.99
94,ABCAPITAL,375.05,400.8,-6.43,102.59,8.12
95,PWL,120.17,125.77,-4.45,156.12,7.82
96,AARTIIND,465.1,501.06,-7.18,24.36,7.55
97,PETRONET,285.5,285.37,0.04,45.12,7.52
98,CPPLUS,3799.6,3609.83,5.26,91.76,6.98
99,WOCKPHARMA,2083.9,2018.29,3.25,299.15,6.81
100,INDHOTEL,718.0,727.42,-1.3,218.98,6.28
101,ENDURANCE,2601.4,2808.76,-7.38,22.68,4.43
102,APOLLOHOSP,8133.5,8799.2,-7.57,375.51,3.55
103,COHANCE,451.3,445.87,1.22,55.86,3.51
104,NETWEB,4520.3,4885.11,-7.47,479.44,2.86
105,ABB,6900.0,7354.23,-6.18,124.43,2.6
106,USHAMART,491.7,501.72,-2.0,52.39,2.01
107,ELGIEQUIP,584.65,605.2,-3.4,22.47,1.72
108,BELRISE,237.5,236.88,0.26,71.49,1.58
109,LLOYDSME,1776.8,1891.56,-6.07,65.47,1.57
110,DATAPATTNS,4251.3,4531.75,-6.19,273.61,1.31
111,TATATECH,698.8,778.91,-10.28,63.13,1.02
112,GAIL,171.22,173.46,-1.29,107.45,0.97
113,NAM-INDIA,1046.0,1169.06,-10.53,105.91,0.75
114,PRESTIGE,1486.1,1559.72,-4.72,77.69,0.27
115,NUVAMA,1701.4,1742.01,-2.33,48.38,0.23
116,HSCL,665.15,704.78,-5.62,144.58,0.1
117,KIRLOSBROS,1767.6,1857.97,-4.86,12.58,0.06
118,CEMPRO,1178.9,1278.32,-7.78,28.13,0.06
119,STARHEALTH,537.7,570.35,-5.72,59.21,0.05
120,SAIL,174.5,176.74,-1.27,282.31,0.01
121,ACUTAAS,3196.5,3254.46,-1.78,115.17,0.0
122,ZYDUSWELL,493.25,531.93,-7.27,32.0,0.0
123,GESHIP,1530.6,1379.86,10.92,140.73,-0.01
124,MTARTECH,7797.0,6897.94,13.03,99.42,-0.12
125,ADANIENT,2816.8,2993.2,-5.89,443.92,-0.28
126,KIMS,736.25,784.23,-6.12,40.73,-0.35
127,MAHABANK,80.5,81.62,-1.38,110.59,-0.38
128,EMMVEE,305.9,324.17,-5.64,81.37,-0.51
129,SCHNEIDER,1275.4,1256.91,1.47,32.7,-0.57
130,THANGAMAYL,4861.0,5368.9,-9.46,44.06,-1.37
131,TITAGARH,805.1,836.21,-3.72,57.24,-2.03
132,ABSLAMC,991.7,1027.36,-3.47,20.07,-2.62
133,ADANIPORTS,1737.8,1721.38,0.95,345.7,-3.84
134,J&KBANK,139.98,151.1,-7.36,26.21,-4.67
135,CGPOWER,879.0,880.79,-0.2,209.52,-5.08
136,ADANIENSOL,1326.4,1498.98,-11.51,230.87,-7.74
137,POWERINDIA,31290.0,32440.62,-3.55,331.26,-12.13
138,DEEPAKFERT,1300.9,1434.06,-9.29,28.38,-12.15
139,OLAELEC,37.08,38.49,-3.66,379.97,-19.2
140,ENRIN,3334.0,3286.86,1.43,137.71,-19.99
141,GVT&D,4253.2,4310.72,-1.33,341.77,-20.01
142,ADANIPOWER,196.21,206.75,-5.1,350.35,-26.48
143,ADANIGREEN,1276.1,1316.82,-3.09,180.12,-33.69
144,BBOX,795.85,766.34,3.85,54.94,-42.72
